Company,TypeName,Cpu,Ram,Gpu,OpSys,Weight,Price,ips,touch,screen_dpi,ssd,hdd
Lenovo,Notebook,Intel Core i5,8,Nvidia,Windows,2.3,53918.82719999999,1,0,141.21199808219862,256.0,0.0
Asus,Ultrabook,Intel Core i7,8,Intel,Windows,1.1,99793.44,0,0,157.3505121487356,512.0,0.0
Lenovo,2 in 1 Convertible,Intel Core i3,4,Intel,Windows,1.74,33513.119999999995,1,1,157.3505121487356,256.0,0.0
Asus,Gaming,Intel Core i7,32,Nvidia,Windows,3.8,149130.72,1,0,127.33567457123112,512.0,0.0
Dell,Notebook,Intel Core i7,16,AMD,Windows,2.3,62938.0656,0,0,141.21199808219862,256.0,0.0
HP,Notebook,Intel Core i5,4,Intel,Windows,1.64,41505.12,0,0,111.93520355955212,0.0,500.0
Dell,Notebook,Intel Core i7,12,Intel,Windows,2.3,37992.3696,0,0,100.45466986113652,0.0,1024.0
Dell,Notebook,Intel Core i7,8,AMD,Others,2.33,41498.1936,0,0,141.21199808219862,256.0,0.0
MSI,Gaming,Intel Core i7,8,Nvidia,Windows,2.4,65481.12,0,0,141.21199808219862,128.0,1024.0
Mediacom,Notebook,other,4,Intel,Windows,1.4,13266.72,0,0,157.3505121487356,32.0,0.0
Dell,Notebook,Intel Core i5,4,Intel,Others,1.93,46300.32,0,0,100.45466986113652,0.0,500.0
Asus,2 in 1 Convertible,Intel Core i5,8,Intel,Windows,1.1,72354.23999999999,0,1,165.6321180513006,256.0,0.0
Acer,Notebook,Intel Core i7,8,Nvidia,Windows,2.2,39693.6,1,0,141.21199808219862,0.0,1024.0
Asus,Ultrabook,Intel Core i7,8,Nvidia,Windows,1.7,55938.672,0,0,141.21199808219862,256.0,0.0
Dell,2 in 1 Convertible,Intel Core i7,16,Intel,Windows,2.09,62817.12,0,1,141.21199808219862,512.0,0.0
Dell,2 in 1 Convertible,Intel Core i5,8,Intel,Windows,2.3,58288.32,1,1,141.21199808219862,256.0,0.0
HP,Notebook,Intel Core i5,4,Intel,Windows,1.88,49656.96,0,0,100.45466986113652,0.0,500.0
Dell,Notebook,Intel Core i5,8,Intel,Windows,1.9,53733.94559999999,0,0,100.45466986113652,0.0,500.0
HP,Workstation,Intel Core i5,8,Nvidia,Windows,3.14,99153.5472,0,0,106.11306214269258,0.0,500.0
HP,Ultrabook,Intel Core i7,8,Intel,Windows,1.39,61218.72,0,1,276.053530085501,256.0,0.0
Lenovo,Notebook,Intel Core i5,8,AMD,Windows,1.9,43316.64,0,0,141.21199808219862,128.0,1024.0
Dell,Ultrabook,Intel Core i7,8,Intel,Others,1.6,58554.72,0,0,157.3505121487356,256.0,0.0
HP,Notebook,Intel Core i5,8,Nvidia,Windows,2.04,45101.52,0,0,100.45466986113652,0.0,1024.0
Dell,Notebook,other,4,Intel,Windows,1.8,16463.52,0,0,100.45466986113652,0.0,500.0
Lenovo,Notebook,Intel Core i3,4,Intel,Others,1.85,21498.48,0,0,141.21199808219862,128.0,0.0
HP,Notebook,Intel Core i5,8,AMD,Windows,1.84,71874.72,0,0,141.21199808219862,256.0,0.0
Asus,Gaming,Intel Core i7,16,Nvidia,Windows,2.2,77202.72,1,0,141.21199808219862,128.0,1024.0
Lenovo,Notebook,Intel Core i5,8,AMD,Windows,1.9,43580.376,0,0,141.21199808219862,128.0,1024.0
Asus,Gaming,Intel Core i7,16,Nvidia,Windows,2.9,128884.32,0,0,127.33567457123112,256.0,1024.0
Dell,Notebook,Intel Core i7,8,AMD,Others,2.3,42943.1472,0,0,100.45466986113652,0.0,1024.0
Dell,Notebook,Intel Core i3,4,Intel,Windows,2.18,31254.048,0,0,100.45466986113652,0.0,1024.0
Toshiba,Notebook,Intel Core i5,8,Intel,Windows,2.2,59620.32,0,0,100.45466986113652,256.0,0.0
HP,Notebook,Intel Core i5,4,Intel,Windows,1.95,64202.4,0,0,157.3505121487356,256.0,0.0
Acer,Notebook,Intel Core i7,12,Intel,Windows,2.15,35111.52,1,1,141.21199808219862,0.0,1024.0
HP,Notebook,Intel Core i5,8,Intel,Windows,1.91,30849.12,0,0,100.45466986113652,256.0,0.0
MSI,Gaming,Intel Core i7,8,Nvidia,Windows,2.7,75071.52,0,0,127.33567457123112,128.0,1024.0
Asus,2 in 1 Convertible,Intel Core i7,8,Intel,Windows,1.1,79866.72,0,1,165.6321180513006,512.0,0.0
Asus,Notebook,Intel Core i3,4,Intel,Others,2.0,22111.2,0,0,141.21199808219862,256.0,0.0
Asus,Gaming,Intel Core i7,16,Nvidia,Windows,2.99,93186.72,0,0,127.33567457123112,256.0,1024.0
Dell,Notebook,Intel Core i3,4,AMD,Others,2.25,24808.2336,0,0,100.45466986113652,0.0,1024.0
HP,Notebook,AMD Processor,6,AMD,Windows,2.1,34632.0,0,0,141.21199808219862,128.0,1024.0
Asus,Gaming,Intel Core i7,8,Nvidia,Windows,3.0,62231.04,0,0,127.33567457123112,128.0,1024.0
HP,Ultrabook,Intel Core i7,8,Intel,Windows,1.26,122381.49599999998,0,0,176.23257360658386,256.0,0.0
Lenovo,Notebook,Intel Core i5,8,Intel,Windows,2.3,44222.4,0,0,141.21199808219862,256.0,0.0
Lenovo,Notebook,Intel Core i3,4,Intel,Windows,2.1,26101.872,0,0,100.45466986113652,0.0,500.0
LG,Ultrabook,Intel Core i7,8,Intel,Windows,1.09,122490.72,1,0,141.21199808219862,512.0,0.0
Dell,Workstation,Intel Core i7,16,Nvidia,Windows,2.17,105228.0,1,0,141.21199808219862,256.0,0.0
Dell,Notebook,Intel Core i5,12,Intel,Windows,2.25,34578.72,0,0,100.45466986113652,0.0,1024.0
Lenovo,2 in 1 Convertible,Intel Core i7,16,Nvidia,Windows,2.0,101178.72,1,1,282.42399616439724,512.0,0.0
HP,Gaming,Intel Core i7,8,Nvidia,Windows,3.35,63456.48,1,0,127.33567457123112,128.0,1024.0
Lenovo,Notebook,AMD Processor,4,AMD,Windows,2.2,21258.72,0,0,141.21199808219862,128.0,0.0
HP,Notebook,Intel Core i5,8,Intel,Windows,2.5,49443.84,0,0,127.33567457123112,256.0,0.0
HP,Notebook,Intel Core i5,8,Intel,Windows,1.49,51148.8,0,0,165.6321180513006,256.0,0.0
HP,Ultrabook,Intel Core i5,4,Intel,Windows,1.26,66280.31999999999,0,0,125.36742798669836,256.0,0.0
Dell,Ultrabook,Intel Core i7,8,Intel,Windows,1.29,77682.23999999999,0,0,165.6321180513006,256.0,0.0
Dell,Notebook,Intel Core i5,8,Intel,Windows,1.64,68184.0144,0,0,157.3505121487356,256.0,0.0
Dell,Notebook,Intel Core i7,8,AMD,Windows,2.8,60845.76,0,0,127.33567457123112,128.0,1024.0
Lenovo,2 in 1 Convertible,Intel Core i7,8,Intel,Windows,1.37,107892.0,1,1,165.6321180513006,512.0,0.0
Dell,Gaming,Intel Core i7,16,Nvidia,Windows,4.36,133467.4656,1,0,127.33567457123112,128.0,1024.0
Dell,Notebook,Intel Core i7,8,AMD,Windows,2.36,39906.72,0,0,100.45466986113652,0.0,1024.0
HP,Netbook,Intel Core i7,8,Intel,Windows,1.26,79014.23999999999,0,0,176.23257360658386,512.0,0.0
Lenovo,Notebook,Intel Core i5,4,Nvidia,Others,2.2,26586.72,0,0,141.21199808219862,0.0,1024.0
HP,Notebook,Intel Core i3,8,Intel,Windows,2.54,26053.92,0,0,106.11306214269258,0.0,1024.0
HP,Ultrabook,Intel Core i7,8,Intel,Windows,1.26,71874.72,0,0,176.23257360658386,256.0,0.0
Lenovo,Netbook,other,4,Intel,Windows,1.59,29463.84,1,0,135.0942111925629,128.0,0.0
Lenovo,Notebook,Intel Core i5,8,AMD,Windows,1.75,59461.5456,1,0,157.3505121487356,256.0,0.0
Acer,Notebook,other,4,Intel,Windows,1.6,18594.72,0,0,111.93520355955212,0.0,0.0
Lenovo,Notebook,other,4,Intel,Others,1.5,17316.0,0,0,111.93520355955212,0.0,0.0
MSI,Gaming,Intel Core i7,16,Nvidia,Windows,2.7,79536.38399999999,0,0,127.33567457123112,256.0,1024.0
HP,Notebook,Intel Core i5,4,Intel,Windows,1.32,37242.72,1,0,165.6321180513006,256.0,0.0
HP,Ultrabook,other,8,Intel,Windows,1.09,165168.0,0,1,352.4651472131677,240.0,0.0
Toshiba,Notebook,Intel Core i5,8,Intel,Windows,1.95,62870.4,0,0,157.3505121487356,256.0,0.0
Dell,Gaming,Intel Core i7,16,Nvidia,Windows,4.42,130873.7952,1,0,127.33567457123112,256.0,1024.0
Dell,Workstation,Intel Core i7,8,Nvidia,Windows,1.78,144495.36,0,1,282.42399616439724,256.0,0.0
Toshiba,Notebook,Intel Core i7,8,Nvidia,Windows,2.2,43263.36,0,0,100.45466986113652,0.0,500.0
HP,Notebook,Intel Core i7,8,Intel,Windows,2.1,48058.56,1,0,100.45466986113652,0.0,1024.0
HP,Notebook,Intel Core i3,8,Nvidia,Windows,2.1,38148.48,1,0,141.21199808219862,0.0,1024.0
HP,Notebook,AMD Processor,8,AMD,Windows,2.04,33513.119999999995,0,0,100.45466986113652,0.0,2048.0
Lenovo,Notebook,Intel Core i5,4,Intel,Windows,2.1,28771.2,0,0,100.45466986113652,0.0,500.0
Mediacom,Notebook,other,4,Intel,Windows,1.4,14119.2,1,0,161.72539083525606,0.0,32.0
Lenovo,Notebook,Intel Core i5,6,Nvidia,Windows,2.4,37029.6,0,0,141.21199808219862,256.0,0.0
Dell,Workstation,other,8,Nvidia,Windows,2.23,106187.04,0,0,141.21199808219862,0.0,1024.0
Asus,Notebook,other,8,Intel,Windows,2.0,21258.72,0,0,100.45466986113652,0.0,1024.0
Dell,Ultrabook,Intel Core i7,8,Intel,Windows,1.2,84129.12,0,0,165.6321180513006,256.0,0.0
Lenovo,2 in 1 Convertible,Intel Core i7,4,Intel,Windows,1.8,45128.16,1,1,141.21199808219862,256.0,0.0
HP,Notebook,Intel Core i5,4,Intel,Windows,1.48,58607.46719999999,0,0,111.93520355955212,256.0,0.0
Dell,Notebook,Intel Core i5,8,Intel,Windows,2.18,38041.3872,0,0,100.45466986113652,128.0,0.0
Lenovo,Notebook,Intel Core i7,8,Intel,Windows,1.99,92121.12,1,0,141.21199808219862,512.0,0.0
Lenovo,Notebook,Intel Core i3,4,Intel,Windows,2.1,22857.12,0,0,100.45466986113652,128.0,0.0
Lenovo,Notebook,Intel Core i7,4,Nvidia,Windows,2.2,42570.72,0,0,141.21199808219862,0.0,1024.0
HP,Notebook,other,8,Intel,Windows,2.04,20725.92,0,0,100.45466986113652,0.0,2048.0
Dell,Notebook,Intel Core i5,8,Intel,Windows,1.9,50349.6,0,0,141.21199808219862,128.0,0.0
Lenovo,Notebook,AMD Processor,4,AMD,Windows,2.2,21258.72,0,0,141.21199808219862,256.0,0.0
Lenovo,Notebook,Intel Core i5,4,Nvidia,Windows,2.79,31381.92,0,0,106.11306214269258,0.0,1024.0
Dell,Notebook,Intel Core i5,8,Nvidia,Windows,2.06,93186.72,0,1,282.42399616439724,256.0,0.0
Lenovo,Workstation,Intel Core i7,16,Nvidia,Windows,2.18,98834.4,0,0,141.21199808219862,512.0,0.0
Lenovo,2 in 1 Convertible,other,8,Intel,Windows,1.1,69210.72,1,1,194.94753717542463,256.0,0.0
Dell,Notebook,Intel Core i3,4,Intel,Others,2.25,19127.52,0,0,100.45466986113652,0.0,1024.0
HP,Notebook,Intel Core i5,8,Nvidia,Windows,2.1,46833.12,0,0,141.21199808219862,256.0,0.0
Chuwi,Notebook,other,4,Intel,Windows,1.89,13053.0672,0,0,141.21199808219862,0.0,0.0
Asus,Notebook,Intel Core i7,8,Nvidia,Others,2.69,47365.92,0,0,127.33567457123112,128.0,1024.0
HP,Notebook,other,8,Intel,Windows,1.16,90522.72,0,1,276.053530085501,256.0,0.0
Lenovo,Notebook,other,4,Intel,Others,1.9,13445.7408,0,0,100.45466986113652,0.0,1024.0
Lenovo,Notebook,Intel Core i5,8,Intel,Windows,1.1,53226.72,1,0,165.6321180513006,256.0,0.0
Asus,Gaming,Intel Core i7,64,Nvidia,Windows,3.58,211788.0,1,0,127.33567457123112,1024.0,0.0
Lenovo,Notebook,other,4,Intel,Windows,2.1,15930.72,0,0,111.93520355955212,0.0,500.0
Dell,Gaming,Intel Core i7,32,Nvidia,Windows,4.42,191211.264,1,0,127.33567457123112,1024.0,1024.0
HP,Notebook,Intel Core i5,8,Intel,Windows,1.43,80612.64,0,0,157.3505121487356,256.0,0.0
Lenovo,Notebook,Intel Core i7,8,Nvidia,Windows,2.6,47898.72,1,0,141.21199808219862,0.0,1024.0
Lenovo,Notebook,Intel Core i5,8,Intel,Windows,1.65,71661.59999999999,0,0,157.3505121487356,256.0,0.0
Apple,Ultrabook,Intel Core i7,16,AMD,Others,1.83,135195.33599999998,1,0,220.53462386625827,512.0,0.0
Dell,Ultrabook,Intel Core i7,8,Intel,Windows,1.23,73473.12,0,1,276.053530085501,256.0,0.0
Microsoft,Ultrabook,Intel Core i7,8,Intel,Windows,1.252,99519.048,0,1,200.84255993695703,256.0,0.0
MSI,Gaming,Intel Core i7,8,Nvidia,Windows,2.6,85194.72,0,0,127.33567457123112,256.0,0.0
HP,Notebook,Intel Core i5,4,Intel,Windows,1.49,38681.28,1,0,165.6321180513006,128.0,0.0
HP,Ultrabook,Intel Core i7,8,AMD,Windows,1.84,69103.62719999999,0,0,141.21199808219862,256.0,0.0
HP,Ultrabook,Intel Core i5,4,Intel,Windows,1.26,84129.12,0,0,176.23257360658386,0.0,500.0
HP,Ultrabook,Intel Core i7,8,Intel,Windows,1.88,115709.2416,0,0,141.21199808219862,256.0,0.0
Mediacom,2 in 1 Convertible,other,4,Intel,Windows,1.16,15930.72,1,1,189.90579052433608,32.0,0.0
Asus,2 in 1 Convertible,other,2,Intel,Windows,1.1,14652.0,0,1,135.0942111925629,0.0,0.0
HP,Notebook,Intel Core i5,4,Intel,Windows,1.64,51841.44,0,0,111.93520355955212,256.0,0.0
Acer,Notebook,other,4,Intel,Windows,1.4,25840.8,0,0,135.0942111925629,0.0,0.0
Dell,Notebook,Intel Core i7,8,AMD,Others,2.2,39907.2528,0,0,141.21199808219862,256.0,0.0
Asus,Ultrabook,Intel Core i7,16,Intel,Windows,1.1,101232.0,0,0,157.3505121487356,512.0,0.0
Acer,Notebook,AMD Processor,4,AMD,Windows,2.1,21312.0,0,0,100.45466986113652,0.0,500.0
HP,Notebook,Intel Core i7,8,AMD,Windows,1.91,38308.32,0,0,141.21199808219862,256.0,0.0
Lenovo,Gaming,Intel Core i7,8,Nvidia,Windows,2.5,66546.72,1,0,141.21199808219862,128.0,1024.0
Fujitsu,Notebook,Intel Core i5,8,Intel,Windows,2.2,39373.92,0,0,100.45466986113652,0.0,1024.0
HP,Notebook,Intel Core i3,4,Intel,Windows,2.1,37589.04,0,0,141.21199808219862,128.0,0.0
Acer,Notebook,Intel Core i3,4,Intel,Windows,2.4,23976.0,0,0,100.45466986113652,0.0,500.0
LG,Ultrabook,Intel Core i7,8,Intel,Windows,0.98,101178.72,1,1,157.3505121487356,512.0,0.0
Dell,Ultrabook,Intel Core i5,8,Intel,Windows,1.29,79866.72,0,0,165.6321180513006,256.0,0.0
Dell,Notebook,Intel Core i5,8,AMD,Windows,2.02,40439.52,0,0,141.21199808219862,0.0,2048.0
Asus,Gaming,Intel Core i7,8,Nvidia,Windows,3.0,55357.92,0,0,127.33567457123112,0.0,1024.0
Asus,Notebook,Intel Core i5,8,Nvidia,Windows,2.0,40972.32,0,0,141.21199808219862,256.0,0.0
Dell,Notebook,Intel Core i5,8,AMD,Windows,2.2,42486.0048,0,0,141.21199808219862,256.0,0.0
Acer,Notebook,AMD Processor,8,AMD,Windows,2.4,23922.72,0,0,100.45466986113652,0.0,1024.0
Dell,Notebook,Intel Core i5,8,Intel,Others,1.98,38681.28,0,0,141.21199808219862,0.0,1024.0
HP,Notebook,Intel Core i5,8,AMD,Windows,1.9,61485.12,0,0,141.21199808219862,0.0,500.0
HP,Notebook,Intel Core i3,4,AMD,Windows,1.86,23373.4032,0,0,100.45466986113652,0.0,500.0
Acer,Notebook,AMD Processor,4,AMD,Windows,2.4,20619.36,0,0,100.45466986113652,0.0,500.0
HP,Notebook,other,4,Intel,Windows,1.44,12201.12,0,0,111.93520355955212,32.0,0.0
Dell,Notebook,Intel Core i7,8,Nvidia,Windows,2.0,96969.6,0,0,141.21199808219862,256.0,0.0
Asus,Gaming,Intel Core i7,16,Nvidia,Windows,2.9,74964.95999999999,0,0,127.33567457123112,256.0,1024.0
Apple,Ultrabook,Intel Core i7,16,AMD,Others,1.83,130001.6016,1,0,220.53462386625827,256.0,0.0
Dell,Notebook,Intel Core i5,4,Intel,Windows,1.93,51095.52,0,0,100.45466986113652,0.0,500.0
Lenovo,Ultrabook,Intel Core i7,8,Intel,Windows,1.17,89864.1792,1,0,209.8006828649808,512.0,0.0
Asus,Ultrabook,Intel Core i7,16,Nvidia,Windows,1.63,78215.04,0,0,141.21199808219862,512.0,0.0
Dell,Notebook,Intel Core i7,16,AMD,Windows,2.2,64961.10719999999,0,0,141.21199808219862,256.0,2048.0
HP,Ultrabook,Intel Core i7,8,Intel,Windows,1.54,78215.04,0,0,157.3505121487356,512.0,0.0
MSI,Gaming,Intel Core i7,8,Nvidia,Windows,2.4,60888.384,0,0,141.21199808219862,128.0,1024.0
Acer,Notebook,other,2,Intel,Others,1.68,17582.399999999998,0,0,111.93520355955212,0.0,0.0
Asus,Notebook,Intel Core i7,4,Intel,Windows,2.37,45282.672,0,0,100.45466986113652,256.0,0.0
Acer,Notebook,Intel Core i3,8,Nvidia,Windows,3.3,33513.119999999995,0,0,106.11306214269258,0.0,1024.0
HP,Notebook,AMD Processor,6,AMD,Windows,1.91,30310.992,1,0,141.21199808219862,128.0,0.0
Asus,Gaming,Intel Core i5,8,Nvidia,Windows,2.73,94305.6,1,0,127.33567457123112,128.0,1024.0
Lenovo,Gaming,Intel Core i7,16,Nvidia,Windows,4.6,122010.66719999998,1,0,127.33567457123112,128.0,1024.0
Dell,Ultrabook,Intel Core i5,8,Intel,Others,1.23,58554.72,0,1,276.053530085501,256.0,0.0
Dell,Gaming,Intel Core i7,16,Nvidia,Windows,4.42,149130.72,1,0,169.78089942830815,256.0,1024.0
HP,Ultrabook,Intel Core i5,8,Intel,Windows,1.26,100965.6,0,0,125.36742798669836,256.0,0.0
Dell,Ultrabook,Intel Core i3,4,Intel,Windows,1.5,60480.792,0,0,125.36742798669836,0.0,500.0
Lenovo,2 in 1 Convertible,Intel Core i7,16,Intel,Windows,1.36,133146.72,0,1,209.8006828649808,512.0,0.0
MSI,Gaming,Intel Core i7,8,Nvidia,Windows,2.2,63882.72,0,0,141.21199808219862,128.0,1024.0
Lenovo,Notebook,Intel Core i5,6,Nvidia,Windows,2.8,38308.32,0,0,106.11306214269258,128.0,1024.0
Asus,Notebook,AMD Processor,4,AMD,Windows,2.2,30636.0,0,0,141.21199808219862,128.0,1024.0
Dell,Gaming,Intel Core i7,8,Nvidia,Windows,2.62,79813.44,0,0,282.42399616439724,128.0,1024.0
MSI,Gaming,Intel Core i7,8,Nvidia,Windows,2.2,78647.1408,0,0,141.21199808219862,128.0,1024.0
HP,Notebook,Intel Core i5,8,Intel,Others,1.86,30636.0,0,0,141.21199808219862,256.0,0.0
Apple,Ultrabook,Intel Core i7,16,Intel,Mac,2.04,114017.6016,1,0,220.53462386625827,0.0,0.0
Dell,Ultrabook,Intel Core i7,16,Intel,Windows,1.2,120093.12,0,1,276.053530085501,1024.0,0.0
Dell,Ultrabook,Intel Core i7,16,Intel,Windows,1.21,133146.72,1,1,331.2642361026012,1024.0,0.0
Asus,Gaming,Intel Core i7,8,Nvidia,Windows,2.7,85194.72,1,0,127.33567457123112,256.0,1024.0
Asus,Notebook,Intel Core i7,8,Nvidia,Windows,2.0,69210.72,1,0,282.42399616439724,256.0,1024.0
Dell,Gaming,Intel Core i7,16,Nvidia,Windows,4.42,143802.72,1,0,127.33567457123112,256.0,1024.0
Acer,Gaming,Intel Core i5,16,Nvidia,Windows,2.5,69210.72,0,0,141.21199808219862,256.0,0.0
Dell,Notebook,Intel Core i5,4,Intel,Windows,1.9,43956.0,0,0,100.45466986113652,0.0,500.0
Dell,Ultrabook,Intel Core i7,8,AMD,Windows,1.4,49650.5664,1,0,165.6321180513006,256.0,0.0
Lenovo,Notebook,Intel Core i3,8,Nvidia,Others,2.2,24455.52,0,0,100.45466986113652,0.0,2048.0
Dell,Notebook,Intel Core i5,8,AMD,Windows,2.2,42624.0,0,0,141.21199808219862,256.0,0.0
Lenovo,Gaming,Intel Core i7,16,Nvidia,Windows,2.6,54825.12,1,1,141.21199808219862,128.0,1024.0
Dell,2 in 1 Convertible,Intel Core i3,4,Intel,Windows,1.71,34578.72,0,1,165.6321180513006,0.0,1024.0
Acer,Gaming,Intel Core i7,16,Nvidia,Windows,4.2,103096.8,1,0,127.33567457123112,128.0,1024.0
Dell,Ultrabook,Intel Core i7,8,Intel,Windows,1.6,90043.2,0,0,176.23257360658386,256.0,0.0
HP,Ultrabook,Intel Core i7,8,Intel,Windows,1.34,61005.6,1,0,276.053530085501,256.0,0.0
Dell,Notebook,Intel Core i3,4,Intel,Windows,1.6,39207.1536,0,0,157.3505121487356,128.0,0.0
MSI,Gaming,Intel Core i5,8,Nvidia,Windows,2.4,63882.72,0,0,141.21199808219862,256.0,0.0
Dell,2 in 1 Convertible,Intel Core i5,8,Intel,Windows,1.34,88977.59999999999,0,1,176.23257360658386,256.0,0.0
Toshiba,Notebook,Intel Core i7,16,Nvidia,Windows,2.4,74751.84,1,0,141.21199808219862,512.0,0.0
Lenovo,2 in 1 Convertible,other,4,Intel,Others,0.69,29250.72,1,1,224.1738090785728,0.0,0.0
HP,2 in 1 Convertible,other,8,Intel,Others,1.4,26373.6,0,1,135.0942111925629,0.0,0.0
HP,Notebook,AMD Processor,8,AMD,Windows,1.91,23757.552,0,0,100.45466986113652,128.0,0.0
Asus,Gaming,Intel Core i7,8,Nvidia,Windows,3.0,63243.36,0,0,127.33567457123112,0.0,1024.0
Dell,Notebook,Intel Core i3,4,Intel,Windows,2.3,22305.1392,0,0,100.45466986113652,0.0,1024.0
Dell,Ultrabook,Intel Core i5,8,Nvidia,Windows,1.9,55890.72,1,0,141.21199808219862,128.0,1024.0
Dell,Workstation,Intel Core i7,16,Nvidia,Windows,2.17,124568.64,1,0,141.21199808219862,512.0,0.0
Asus,Gaming,AMD Processor,8,AMD,Windows,3.2,69210.72,0,0,127.33567457123112,256.0,1024.0
HP,Notebook,Intel Core i5,8,Intel,Windows,1.95,52214.4,0,0,157.3505121487356,256.0,0.0
Lenovo,Notebook,Intel Core i3,4,Intel,Windows,1.85,22105.872,0,0,141.21199808219862,0.0,1024.0
Dell,Notebook,Intel Core i5,8,Intel,Windows,1.9,49816.8,0,0,141.21199808219862,0.0,500.0
Dell,Notebook,Intel Core i7,8,AMD,Windows,2.13,40908.384,0,0,141.21199808219862,256.0,0.0
Dell,Netbook,other,4,Intel,Others,1.26,15717.6,0,0,135.0942111925629,0.0,0.0
Lenovo,Notebook,Intel Core i5,8,Intel,Others,2.2,29250.72,0,0,141.21199808219862,256.0,0.0
Acer,Notebook,Intel Core i3,6,Intel,Windows,2.1,25521.12,1,1,141.21199808219862,0.0,1024.0
Asus,2 in 1 Convertible,Intel Core i5,6,Intel,Windows,1.5,34046.4528,0,1,165.6321180513006,0.0,1024.0
HP,Notebook,Intel Core i5,8,Nvidia,Windows,2.63,48484.8,0,0,106.11306214269258,0.0,1024.0
HP,Notebook,Intel Core i3,4,Intel,Windows,1.49,38308.32,0,0,165.6321180513006,128.0,0.0
Dell,Notebook,Intel Core i7,8,AMD,Windows,2.2,46353.6,0,0,141.21199808219862,256.0,0.0
Lenovo,Workstation,Intel Core i7,8,Nvidia,Windows,2.67,102564.0,0,0,141.21199808219862,512.0,0.0
Lenovo,2 in 1 Convertible,Intel Core i5,8,Intel,Windows,1.3,55091.52,1,1,165.6321180513006,256.0,0.0
Asus,Notebook,Intel Core i5,8,Intel,Windows,2.3,31435.2,0,0,141.21199808219862,0.0,128.0
MSI,Gaming,Intel Core i5,8,Nvidia,Windows,2.2,59668.804800000005,0,0,141.21199808219862,128.0,1024.0
Lenovo,Notebook,Intel Core i3,4,Intel,Windows,1.7,31914.72,1,0,157.3505121487356,128.0,0.0
HP,Notebook,Intel Core i5,4,Intel,Windows,1.54,54931.14719999999,0,0,157.3505121487356,0.0,500.0
Dell,Gaming,Intel Core i5,8,Nvidia,Windows,2.65,50562.72,0,0,141.21199808219862,0.0,0.0
HP,2 in 1 Convertible,Intel Core i5,4,Intel,Windows,2.3,36486.14399999999,0,1,100.45466986113652,0.0,500.0
HP,Ultrabook,Intel Core i7,8,Intel,Windows,1.84,74005.92,0,0,141.21199808219862,512.0,0.0
Dell,2 in 1 Convertible,Intel Core i7,12,Intel,Windows,1.6,69210.72,1,1,165.6321180513006,256.0,0.0
HP,Notebook,Intel Core i3,4,Intel,Windows,1.63,36709.92,0,0,100.45466986113652,128.0,0.0
HP,Notebook,Intel Core i5,8,Intel,Windows,1.95,63669.6,0,0,157.3505121487356,256.0,0.0
Lenovo,Notebook,other,4,Intel,Windows,1.44,15557.76,0,0,111.93520355955212,0.0,0.0
Lenovo,2 in 1 Convertible,Intel Core i5,8,Intel,Windows,1.37,97236.0,1,1,165.6321180513006,512.0,0.0
HP,Notebook,AMD Processor,4,AMD,Windows,1.86,21258.72,0,0,100.45466986113652,0.0,500.0
HP,2 in 1 Convertible,Intel Core i7,16,Intel,Windows,1.29,130482.72,1,1,331.2642361026012,1024.0,0.0
Lenovo,Gaming,AMD Processor,16,AMD,Windows,2.5,53226.72,1,0,141.21199808219862,512.0,1024.0
Lenovo,2 in 1 Convertible,Intel Core i7,16,Intel,Windows,1.3,95850.72,1,1,276.053530085501,1024.0,0.0
Asus,Notebook,other,4,Intel,Windows,2.0,16197.12,0,0,100.45466986113652,0.0,500.0
Asus,2 in 1 Convertible,Intel Core i5,8,Intel,Windows,2.2,39373.92,0,1,100.45466986113652,0.0,1024.0
Dell,Ultrabook,Intel Core i3,4,Intel,Windows,1.5,62176.1616,0,0,125.36742798669836,128.0,0.0
Lenovo,Notebook,Intel Core i5,8,Intel,Windows,1.7,63882.72,0,0,157.3505121487356,180.0,0.0
Lenovo,Notebook,Intel Core i3,4,Intel,Windows,2.05,33566.4,0,0,141.21199808219862,128.0,0.0
HP,Workstation,Intel Core i7,16,Nvidia,Windows,2.6,128884.32,0,0,141.21199808219862,256.0,0.0
Dell,Notebook,Intel Core i7,16,AMD,Windows,2.8,69210.72,0,0,127.33567457123112,256.0,2048.0
Lenovo,Workstation,Intel Core i7,16,Nvidia,Windows,2.3,130269.6,1,0,282.42399616439724,512.0,0.0
Dell,Gaming,Intel Core i7,16,Nvidia,Windows,2.62,89457.12,0,0,282.42399616439724,512.0,0.0
HP,Notebook,Intel Core i7,16,Intel,Windows,1.49,63776.16,0,0,165.6321180513006,512.0,0.0
Dell,Gaming,Intel Core i7,32,Nvidia,Windows,4.42,167778.72,1,0,127.33567457123112,256.0,1024.0
Acer,Notebook,AMD Processor,8,AMD,Windows,2.2,30849.12,0,0,100.45466986113652,0.0,1024.0
HP,Notebook,Intel Core i7,8,Intel,Windows,1.84,69477.12,0,0,141.21199808219862,256.0,0.0
Dell,2 in 1 Convertible,Intel Core i7,8,Intel,Windows,1.62,44701.92,1,1,165.6321180513006,0.0,1024.0
Lenovo,Notebook,Intel Core i7,6,Nvidia,Windows,2.8,45767.52,0,0,106.11306214269258,128.0,1024.0
Dell,Notebook,Intel Core i3,4,AMD,Windows,2.36,35111.52,0,0,106.11306214269258,0.0,1024.0
Dell,Notebook,other,4,Intel,Windows,2.2,19660.32,0,0,100.45466986113652,0.0,500.0
Dell,Notebook,Intel Core i5,8,Intel,Windows,1.36,76030.56,0,0,157.3505121487356,256.0,0.0
Razer,Gaming,Intel Core i7,16,Nvidia,Windows,1.95,186426.72,0,0,157.3505121487356,1024.0,0.0
Lenovo,Notebook,other,4,Intel,Windows,2.2,16463.52,0,0,100.45466986113652,0.0,1024.0
Dell,Ultrabook,Intel Core i5,8,Intel,Windows,1.36,87325.92,0,0,157.3505121487356,256.0,0.0
Lenovo,Notebook,Intel Core i7,12,Intel,Windows,2.2,32447.52,0,1,100.45466986113652,0.0,1024.0
HP,Notebook,Intel Core i5,8,Nvidia,Windows,2.63,57542.4,0,0,127.33567457123112,256.0,0.0
Vero,Notebook,other,2,Intel,Windows,1.45,11231.424,0,0,111.93520355955212,0.0,0.0
Samsung,Ultrabook,Intel Core i5,8,Intel,Windows,0.81,79866.72,0,0,165.6321180513006,256.0,0.0
Lenovo,2 in 1 Convertible,Intel Core i7,16,Intel,Windows,1.4,98514.72,1,1,316.96506044349616,512.0,0.0
Dell,Notebook,Intel Core i5,8,Intel,Windows,1.9,62817.12,0,0,141.21199808219862,256.0,0.0
Dell,Notebook,Intel Core i5,8,Intel,Windows,1.9,73366.56,0,0,141.21199808219862,256.0,0.0
Asus,Ultrabook,Intel Core i7,16,Nvidia,Windows,1.5,67239.36,0,0,141.21199808219862,256.0,1024.0
Asus,2 in 1 Convertible,Intel Core i7,12,Nvidia,Windows,2.26,58554.72,0,1,141.21199808219862,512.0,2048.0
Microsoft,Ultrabook,Intel Core i7,8,Intel,Windows,1.25,95850.72,0,1,200.84255993695703,256.0,0.0
Acer,Gaming,Intel Core i5,8,Nvidia,Windows,2.5,45074.88,1,0,141.21199808219862,256.0,0.0
Asus,Gaming,Intel Core i7,8,Nvidia,Windows,2.591,48431.52,1,0,141.21199808219862,256.0,1024.0
Lenovo,Notebook,other,4,Intel,Windows,2.2,22324.32,0,0,100.45466986113652,0.0,500.0
Dell,Workstation,other,16,Nvidia,Windows,2.8,162770.4,0,0,282.42399616439724,256.0,1024.0
Lenovo,Notebook,Intel Core i3,4,Intel,Others,2.8,28185.12,0,0,127.33567457123112,0.0,500.0
Lenovo,Notebook,Intel Core i5,8,Nvidia,Windows,2.6,42037.92,1,0,141.21199808219862,128.0,1024.0
Dell,Gaming,Intel Core i7,32,Nvidia,Windows,4.36,194972.832,0,0,254.67134914246225,1024.0,1024.0
Lenovo,2 in 1 Convertible,Intel Core i7,8,Nvidia,Windows,1.8,109244.2464,1,1,157.3505121487356,512.0,0.0
Dell,Ultrabook,Intel Core i7,8,Intel,Windows,1.29,78694.56,0,1,276.053530085501,256.0,0.0
Acer,Gaming,Intel Core i5,8,Nvidia,Others,2.4,42517.44,0,0,141.21199808219862,0.0,1024.0
Toshiba,Notebook,Intel Core i5,8,Intel,Windows,2.0,42251.04,0,0,100.45466986113652,128.0,0.0
Asus,Gaming,Intel Core i5,8,Nvidia,Windows,3.0,49976.64,0,0,127.33567457123112,128.0,1024.0
Dell,Notebook,Intel Core i5,8,Intel,Windows,2.18,42357.6,0,0,141.21199808219862,256.0,0.0
Dell,Ultrabook,Intel Core i5,8,Intel,Windows,1.88,58403.4048,1,0,141.21199808219862,256.0,0.0
HP,Notebook,Intel Core i5,4,Intel,Windows,1.95,67399.2,0,0,157.3505121487356,128.0,0.0
Mediacom,Notebook,other,4,Intel,Windows,1.2,19660.32,1,0,165.6321180513006,32.0,0.0
Dell,Notebook,Intel Core i7,8,Nvidia,Windows,2.16,67239.36,1,0,141.21199808219862,512.0,0.0
MSI,Gaming,Intel Core i7,16,Nvidia,Windows,2.4,95850.72,1,0,141.21199808219862,256.0,1024.0
HP,Notebook,Intel Core i5,4,Intel,Windows,1.49,35964.0,1,0,165.6321180513006,0.0,500.0
Toshiba,Notebook,Intel Core i7,8,Nvidia,Windows,2.2,55571.04,1,0,141.21199808219862,256.0,0.0
HP,2 in 1 Convertible,Intel Core i7,8,Intel,Windows,1.28,136343.52,0,1,165.6321180513006,256.0,0.0
HP,Gaming,Intel Core i7,12,Nvidia,Windows,2.62,95850.72,0,0,127.33567457123112,0.0,1024.0
Asus,Gaming,Intel Core i7,8,Nvidia,Windows,2.5,53226.72,0,0,141.21199808219862,256.0,0.0
Dell,Notebook,Intel Core i3,4,AMD,Others,2.2,25840.8,0,0,141.21199808219862,256.0,0.0
HP,Notebook,Intel Core i3,4,Intel,Windows,1.86,21152.16,0,0,141.21199808219862,0.0,500.0
HP,Notebook,Intel Core i5,8,Intel,Windows,1.16,90043.2,0,0,165.6321180513006,256.0,0.0
Lenovo,Notebook,Intel Core i5,8,Intel,Windows,1.95,104588.1072,1,0,141.21199808219862,512.0,0.0
HP,Notebook,other,4,Intel,Others,1.86,15930.72,0,0,100.45466986113652,128.0,0.0
Samsung,2 in 1 Convertible,Intel Core i7,16,AMD,Windows,1.71,95850.72,0,1,146.86047800548656,256.0,0.0
Acer,Notebook,Intel Core i5,4,Intel,Windows,2.1,31914.72,0,0,100.45466986113652,256.0,0.0
Lenovo,Notebook,Intel Core i3,4,Intel,Others,1.9,18061.92,0,0,100.45466986113652,0.0,1024.0
Lenovo,Notebook,Intel Core i5,6,Nvidia,Windows,2.8,34578.72,0,0,106.11306214269258,0.0,1024.0
Toshiba,Notebook,Intel Core i7,16,Nvidia,Windows,2.4,75924.0,1,0,141.21199808219862,256.0,0.0
Dell,Workstation,Intel Core i7,8,Nvidia,Windows,2.0,113752.8,1,0,141.21199808219862,256.0,0.0
Dell,Notebook,Intel Core i7,16,AMD,Others,2.36,47898.72,0,0,141.21199808219862,256.0,0.0
Lenovo,Notebook,Intel Core i7,6,Nvidia,Windows,2.2,42037.92,0,0,141.21199808219862,256.0,0.0
Lenovo,2 in 1 Convertible,Intel Core i7,8,Intel,Windows,1.38,71874.72,1,1,158.48253022174808,256.0,0.0
Lenovo,Notebook,other,4,Intel,Others,2.2,19180.2672,0,0,100.45466986113652,0.0,1024.0
HP,Notebook,Intel Core i5,4,Intel,Windows,2.07,48484.8,0,0,141.21199808219862,0.0,500.0
MSI,Gaming,Intel Core i7,8,Nvidia,Windows,2.7,63499.10399999999,0,0,127.33567457123112,128.0,1024.0
Apple,Ultrabook,Intel Core i5,8,Intel,Others,1.37,108691.2,1,0,226.98300468106115,512.0,0.0
Dell,Notebook,Intel Core i7,8,AMD,Others,2.83,46087.2,0,0,127.33567457123112,0.0,1024.0
Dell,Ultrabook,Intel Core i5,8,Intel,Windows,1.5,75289.968,0,0,125.36742798669836,256.0,0.0
Dell,Ultrabook,Intel Core i7,8,AMD,Windows,1.4,50882.4,1,0,165.6321180513006,256.0,0.0
Asus,Ultrabook,Intel Core i7,8,Intel,Windows,1.25,55890.72,0,0,157.3505121487356,256.0,0.0
Lenovo,Notebook,other,32,Nvidia,Windows,2.5,261018.72,1,0,282.42399616439724,1024.0,0.0
Dell,Ultrabook,Intel Core i7,16,Intel,Windows,1.2,99580.32,0,1,276.053530085501,512.0,0.0
Toshiba,Notebook,Intel Core i5,4,Intel,Windows,1.05,68464.8,0,0,165.6321180513006,128.0,0.0
MSI,Gaming,Intel Core i5,8,Nvidia,Windows,2.2,54757.9872,0,0,141.21199808219862,256.0,0.0
Dell,Notebook,Intel Core i5,8,Nvidia,Windows,1.64,62817.12,0,0,157.3505121487356,256.0,0.0
HP,Netbook,other,8,Intel,Windows,0.97,101658.24,0,0,176.23257360658386,512.0,0.0
Acer,Gaming,Intel Core i5,8,Nvidia,Others,2.4,37775.52,0,0,141.21199808219862,0.0,1024.0
Google,Ultrabook,Intel Core i5,8,Intel,Others,1.1,83063.52,0,1,234.50740003017813,256.0,0.0
Dell,Notebook,Intel Core i7,8,Intel,Windows,2.02,45554.4,0,0,141.21199808219862,128.0,1024.0
Acer,Notebook,AMD Processor,4,AMD,Windows,2.1,21045.6,0,0,100.45466986113652,0.0,1024.0
Dell,2 in 1 Convertible,Intel Core i7,8,Intel,Windows,1.24,107257.968,0,1,276.053530085501,512.0,0.0
HP,Notebook,Intel Core i5,8,Intel,Windows,1.63,45820.8,0,0,157.3505121487356,256.0,0.0
Microsoft,Ultrabook,other,4,Intel,Windows,1.252,52693.92,0,1,200.84255993695703,128.0,0.0
Lenovo,2 in 1 Convertible,Intel Core i5,4,Intel,Windows,2.1,46193.76,1,1,141.21199808219862,256.0,0.0
Lenovo,Notebook,Intel Core i7,16,Intel,Windows,1.1,139593.6,1,0,209.8006828649808,256.0,0.0
HP,Notebook,other,4,Intel,Windows,2.1,18488.16,0,0,100.45466986113652,0.0,500.0
HP,Notebook,Intel Core i3,4,Intel,Others,1.86,19441.872,0,0,100.45466986113652,0.0,500.0
HP,Notebook,Intel Core i5,8,Nvidia,Windows,1.64,55904.5728,0,0,157.3505121487356,256.0,0.0
MSI,Gaming,Intel Core i7,16,Nvidia,Windows,2.8,119826.72,0,0,127.33567457123112,256.0,1024.0
HP,Workstation,Intel Core i7,8,Nvidia,Windows,3.0,210424.032,1,0,127.33567457123112,256.0,0.0
Dell,Notebook,Intel Core i3,4,Intel,Windows,1.65,45234.72,0,0,117.82653006268644,0.0,500.0
Lenovo,Ultrabook,Intel Core i5,8,Intel,Windows,1.32,79866.72,1,0,157.3505121487356,256.0,0.0
Microsoft,Ultrabook,Intel Core i5,8,Intel,Windows,1.252,71395.2,0,1,200.84255993695703,256.0,0.0
HP,Notebook,Intel Core i7,8,Intel,Windows,1.96,36177.12,0,0,141.21199808219862,256.0,0.0
Lenovo,Notebook,AMD Processor,4,AMD,Windows,2.2,18594.72,0,0,100.45466986113652,128.0,0.0
Lenovo,Notebook,Intel Core i3,8,Intel,Others,1.7,31914.72,1,0,157.3505121487356,256.0,0.0
Dell,Notebook,Intel Core i3,4,AMD,Others,2.25,22803.84,0,0,141.21199808219862,0.0,1024.0
Dell,2 in 1 Convertible,Intel Core i5,8,Intel,Windows,1.55,35111.52,0,1,165.6321180513006,0.0,1024.0
Asus,Gaming,Intel Core i7,32,Nvidia,Windows,4.7,207259.2,0,0,127.33567457123112,512.0,1024.0
HP,Notebook,Intel Core i5,8,Intel,Windows,2.1,42304.32,0,0,141.21199808219862,0.0,1024.0
Asus,Ultrabook,Intel Core i7,8,Intel,Windows,1.25,58554.72,0,0,157.3505121487356,256.0,0.0
Acer,Notebook,Intel Core i5,4,Nvidia,Windows,2.23,36816.48,0,0,141.21199808219862,256.0,0.0
Lenovo,Notebook,AMD Processor,4,AMD,Windows,2.6,26053.92,0,0,106.11306214269258,128.0,0.0
Asus,Notebook,Intel Core i3,4,Nvidia,Windows,2.0,30049.92,0,0,127.33567457123112,0.0,1024.0
LG,Ultrabook,Intel Core i7,16,Intel,Windows,1.08,111834.72,1,1,141.21199808219862,512.0,0.0
Dell,2 in 1 Convertible,Intel Core i7,8,Intel,Windows,2.08,43636.32,1,1,141.21199808219862,0.0,1024.0
Dell,Notebook,Intel Core i5,4,Intel,Others,2.18,27804.7008,0,0,100.45466986113652,0.0,1024.0
Acer,Ultrabook,Intel Core i5,8,Intel,Windows,1.6,41025.6,1,0,157.3505121487356,256.0,0.0
Microsoft,Ultrabook,Intel Core i7,16,Intel,Windows,1.25,137941.91999999998,0,1,200.84255993695703,512.0,0.0
Lenovo,Gaming,Intel Core i7,8,Nvidia,Windows,2.5,63349.92,1,0,141.21199808219862,128.0,1024.0
Samsung,Notebook,Intel Core i7,16,Nvidia,Windows,2.5,90522.72,0,0,141.21199808219862,128.0,1024.0
Lenovo,2 in 1 Convertible,Intel Core i7,16,Intel,Windows,1.42,133679.52,0,1,209.8006828649808,512.0,0.0
HP,2 in 1 Convertible,Intel Core i5,8,Intel,Windows,1.28,121318.56,0,1,165.6321180513006,256.0,0.0
Dell,Notebook,Intel Core i5,8,Intel,Windows,2.09,55754.3232,0,0,141.21199808219862,0.0,500.0
Lenovo,Notebook,Intel Core i7,6,Nvidia,Windows,2.8,50562.72,0,0,106.11306214269258,128.0,1024.0
Acer,Notebook,Intel Core i3,4,Nvidia,Windows,2.23,28984.32,0,0,141.21199808219862,0.0,1024.0
HP,Notebook,Intel Core i7,16,Intel,Windows,2.1,61751.52,0,0,141.21199808219862,512.0,0.0
HP,Notebook,AMD Processor,4,AMD,Windows,1.86,19660.32,0,0,100.45466986113652,256.0,0.0
HP,Notebook,Intel Core i5,8,AMD,Windows,1.91,32979.7872,0,0,100.45466986113652,256.0,0.0
Lenovo,Notebook,Intel Core i7,8,Nvidia,Others,2.2,37775.52,0,0,141.21199808219862,0.0,1024.0
Lenovo,Notebook,Intel Core i7,8,Nvidia,Windows,1.87,45767.52,1,0,157.3505121487356,256.0,0.0
MSI,Gaming,Intel Core i7,32,Nvidia,Windows,4.4,149130.72,0,0,119.7232157653423,512.0,1024.0
MSI,Gaming,Intel Core i7,8,Nvidia,Windows,2.2,61218.72,0,0,141.21199808219862,128.0,1024.0
Dell,2 in 1 Convertible,Intel Core i5,8,Intel,Windows,2.191,53226.72,1,1,141.21199808219862,256.0,0.0
Lenovo,Ultrabook,Intel Core i7,8,Intel,Windows,1.36,84395.52,1,0,176.23257360658386,256.0,0.0
HP,Netbook,other,2,Intel,Windows,1.17,11135.52,0,0,135.0942111925629,0.0,0.0
Apple,Ultrabook,Intel Core i5,8,Intel,Others,1.34,61735.536,0,0,127.67794013309688,0.0,0.0
Lenovo,Notebook,Intel Core i5,8,Intel,Windows,1.65,78055.2,0,0,157.3505121487356,256.0,0.0
HP,Workstation,Intel Core i7,8,Nvidia,Windows,2.0,119826.72,1,0,141.21199808219862,8.0,0.0
Dell,Gaming,Intel Core i5,8,Nvidia,Windows,2.65,53226.72,0,0,141.21199808219862,0.0,1024.0
Dell,Notebook,Intel Core i7,32,Nvidia,Windows,2.06,140605.91999999998,0,1,282.42399616439724,1024.0,0.0
Asus,Gaming,Intel Core i7,32,Nvidia,Windows,3.58,68145.12,1,0,127.33567457123112,256.0,0.0
HP,Netbook,Intel Core i5,8,Intel,Windows,1.26,88924.31999999999,0,0,176.23257360658386,256.0,0.0
MSI,Gaming,Intel Core i7,16,Nvidia,Windows,4.14,133146.72,0,0,127.33567457123112,512.0,1024.0
Dell,Notebook,Intel Core i5,8,AMD,Windows,2.36,34035.264,0,0,141.21199808219862,0.0,1024.0
HP,Notebook,Intel Core i3,4,Intel,Windows,1.64,36443.52,0,0,111.93520355955212,0.0,500.0
Dell,Gaming,Intel Core i7,8,Nvidia,Windows,2.62,63882.72,0,0,141.21199808219862,0.0,1024.0
Toshiba,Notebook,Intel Core i5,8,Intel,Windows,2.0,67026.23999999999,1,0,141.21199808219862,256.0,0.0
Toshiba,Notebook,Intel Core i5,4,Intel,Windows,1.47,58874.4,1,0,157.3505121487356,128.0,0.0
Lenovo,Notebook,Intel Core i5,8,Intel,Windows,2.02,71395.2,0,0,157.3505121487356,256.0,0.0
MSI,Gaming,Intel Core i7,16,Nvidia,Windows,2.7,85194.72,0,0,127.33567457123112,256.0,1024.0
Dell,Notebook,Intel Core i5,4,Intel,Windows,2.24,39267.36,0,0,100.45466986113652,0.0,500.0
HP,Ultrabook,Intel Core i7,8,Intel,Windows,1.54,99633.6,0,0,157.3505121487356,512.0,0.0
Asus,Notebook,Intel Core i7,16,Nvidia,Windows,2.2,93186.72,0,0,141.21199808219862,128.0,1024.0
Lenovo,Notebook,AMD Processor,8,AMD,Windows,2.8,27652.32,0,0,106.11306214269258,0.0,1024.0
Toshiba,Notebook,Intel Core i5,8,Intel,Windows,2.0,45820.8,1,0,141.21199808219862,0.0,500.0
Dell,Notebook,Intel Core i7,16,AMD,Windows,2.3,45768.0528,0,1,141.21199808219862,0.0,1024.0
Asus,Notebook,Intel Core i5,8,Nvidia,Windows,2.69,47472.48,0,0,127.33567457123112,256.0,500.0
Lenovo,Gaming,Intel Core i7,16,Nvidia,Windows,4.6,146519.46719999998,1,0,127.33567457123112,256.0,0.0
HP,Notebook,Intel Core i3,4,Intel,Others,2.1,18594.72,0,0,141.21199808219862,0.0,500.0
HP,Notebook,Intel Core i5,8,Nvidia,Windows,2.5,52054.56,0,0,127.33567457123112,128.0,1024.0
MSI,Gaming,Intel Core i7,16,Nvidia,Windows,2.9,108105.12,0,0,127.33567457123112,256.0,1024.0
Dell,Notebook,other,4,Intel,Others,2.2,20965.1472,0,0,100.45466986113652,0.0,500.0
Lenovo,2 in 1 Convertible,Intel Core i5,8,AMD,Windows,2.08,51095.52,0,1,141.21199808219862,256.0,0.0
Asus,Gaming,Intel Core i7,16,Nvidia,Windows,2.1,101178.72,0,0,141.21199808219862,128.0,1024.0
Acer,Notebook,Intel Core i3,4,Nvidia,Windows,2.2,30476.16,0,0,141.21199808219862,256.0,0.0
HP,Notebook,Intel Core i5,4,Intel,Windows,1.95,56476.8,0,0,111.93520355955212,0.0,500.0
Lenovo,Notebook,Intel Core i3,4,Intel,Windows,2.2,21791.52,0,0,141.21199808219862,0.0,500.0
Dell,Workstation,Intel Core i7,8,Nvidia,Windows,2.23,94731.84,0,0,141.21199808219862,0.0,1024.0
Acer,Notebook,Intel Core i5,4,Nvidia,Windows,2.2,32660.64,1,0,141.21199808219862,0.0,1024.0
Lenovo,Notebook,Intel Core i5,8,Intel,Windows,2.3,71874.72,0,0,141.21199808219862,256.0,0.0
Lenovo,Netbook,other,4,Intel,Others,1.25,14119.2,0,0,135.0942111925629,16.0,0.0
MSI,Gaming,Intel Core i7,16,Nvidia,Windows,1.6,100752.48,1,0,157.3505121487356,256.0,1024.0
Dell,Ultrabook,Intel Core i7,16,Intel,Windows,1.88,85672.1088,0,0,141.21199808219862,512.0,0.0
Lenovo,Notebook,Intel Core i3,4,Intel,Windows,1.5,29250.72,1,0,165.6321180513006,128.0,0.0
Apple,Ultrabook,Intel Core i5,8,Intel,Others,1.37,71378.6832,1,0,226.98300468106115,128.0,0.0
HP,Notebook,Intel Core i3,4,Intel,Windows,1.86,23389.92,0,0,100.45466986113652,0.0,500.0
Asus,Gaming,Intel Core i7,8,Nvidia,Windows,2.2,62284.32,0,0,141.21199808219862,0.0,1024.0
Dell,Notebook,Intel Core i3,8,Intel,Windows,1.79,39427.2,0,0,111.93520355955212,128.0,0.0
Toshiba,Notebook,Intel Core i7,8,Intel,Windows,2.0,73952.64,1,0,141.21199808219862,256.0,0.0
Dell,2 in 1 Convertible,Intel Core i3,4,Intel,Windows,2.08,27119.52,0,1,146.86047800548656,0.0,500.0
HP,2 in 1 Convertible,other,4,Intel,Others,1.4,32767.2,0,1,135.0942111925629,0.0,0.0
Dell,Notebook,Intel Core i5,8,Nvidia,Others,1.64,58021.92,0,0,157.3505121487356,256.0,0.0
Lenovo,Notebook,AMD Processor,4,AMD,Others,2.2,16463.52,0,0,100.45466986113652,0.0,500.0
HP,Notebook,Intel Core i5,8,Intel,Windows,1.91,31381.92,0,0,100.45466986113652,128.0,0.0
HP,Notebook,other,4,Intel,Others,1.86,13799.52,0,0,100.45466986113652,0.0,500.0
Asus,Notebook,other,4,Intel,Windows,1.5,15877.44,0,0,157.3505121487356,0.0,0.0
Dell,Gaming,Intel Core i7,16,Nvidia,Windows,4.42,160520.3856,1,0,127.33567457123112,128.0,1024.0
Asus,Gaming,AMD Processor,8,AMD,Windows,2.45,37242.72,0,0,141.21199808219862,0.0,1024.0
Dell,Notebook,Intel Core i3,8,Intel,Windows,2.3,24988.8528,0,1,100.45466986113652,0.0,1024.0
Dell,Ultrabook,Intel Core i5,8,Intel,Windows,1.23,74538.72,0,0,165.6321180513006,256.0,0.0
Dell,Notebook,Intel Core i5,8,Intel,Windows,1.6,59620.32,0,0,157.3505121487356,128.0,0.0
Asus,2 in 1 Convertible,Intel Core i5,8,Intel,Windows,1.27,49443.84,1,1,165.6321180513006,256.0,0.0
Asus,Gaming,Intel Core i7,16,Nvidia,Windows,4.3,95850.72,0,0,127.33567457123112,256.0,1024.0
Asus,Gaming,Intel Core i7,12,Nvidia,Others,3.0,50562.72,0,0,127.33567457123112,0.0,1024.0
Dell,Notebook,Intel Core i3,4,AMD,Windows,2.2,23922.72,0,0,141.21199808219862,0.0,1024.0
Asus,Notebook,Intel Core i3,4,Intel,Windows,1.3,27119.52,0,0,111.93520355955212,128.0,0.0
Samsung,Ultrabook,Intel Core i7,16,Intel,Windows,0.81,87858.72,0,0,165.6321180513006,256.0,0.0
Acer,Notebook,Intel Core i5,6,Intel,Windows,2.23,29250.72,0,0,100.45466986113652,0.0,1024.0
Asus,Gaming,Intel Core i7,16,Nvidia,Windows,2.5,85248.0,1,0,141.21199808219862,256.0,1024.0
Asus,Gaming,Intel Core i5,12,Nvidia,Windows,2.2,72988.272,0,0,127.33567457123112,128.0,1024.0
Lenovo,Notebook,Intel Core i5,8,Intel,Windows,2.3,48538.08,1,0,141.21199808219862,256.0,0.0
Dell,Notebook,Intel Core i3,8,Intel,Windows,2.0,35431.2,0,0,100.45466986113652,256.0,0.0
Lenovo,Notebook,Intel Core i3,8,Nvidia,Others,2.2,26586.72,0,0,100.45466986113652,256.0,0.0
Lenovo,Ultrabook,Intel Core i5,8,Intel,Windows,1.3,58554.72,1,0,125.36742798669836,180.0,0.0
Lenovo,Notebook,Intel Core i5,8,Intel,Windows,1.9,57116.16,1,0,157.3505121487356,256.0,0.0
Asus,Notebook,other,4,Intel,Others,2.0,14651.4672,0,0,100.45466986113652,0.0,1024.0
Chuwi,Notebook,other,6,Intel,Windows,1.4,23922.72,1,0,267.3384360344031,0.0,0.0
Acer,Notebook,other,4,Intel,Windows,2.1,18541.44,0,0,100.45466986113652,0.0,1024.0
Dell,Ultrabook,Intel Core i7,8,Intel,Windows,1.88,69157.44,0,0,141.21199808219862,256.0,0.0
HP,Notebook,Intel Core i5,4,Intel,Windows,2.04,27783.9216,0,1,100.45466986113652,0.0,1024.0
Lenovo,Notebook,Intel Core i5,8,Nvidia,Others,2.8,37189.44,0,0,106.11306214269258,256.0,0.0
Acer,2 in 1 Convertible,Intel Core i5,8,Intel,Windows,1.6,53226.72,1,1,165.6321180513006,256.0,0.0
Samsung,Ultrabook,Intel Core i7,16,Nvidia,Windows,1.23,98514.72,0,0,146.86047800548656,256.0,0.0
HP,Notebook,Intel Core i5,4,Intel,Windows,1.49,40173.12,1,0,165.6321180513006,0.0,500.0
Lenovo,2 in 1 Convertible,Intel Core i7,16,Intel,Windows,1.3,79866.72,1,1,276.053530085501,512.0,0.0
Dell,Ultrabook,Intel Core i5,8,Intel,Windows,1.2,77250.672,0,0,165.6321180513006,256.0,0.0
Toshiba,Notebook,Intel Core i3,4,Intel,Windows,2.0,26053.92,0,0,100.45466986113652,0.0,500.0
HP,Notebook,Intel Core i5,8,Nvidia,Windows,2.04,47365.92,0,0,141.21199808219862,256.0,0.0
HP,Notebook,Intel Core i7,8,Intel,Windows,1.84,65480.5872,0,0,141.21199808219862,256.0,0.0
Lenovo,Gaming,Intel Core i7,4,Nvidia,Windows,2.4,53226.72,1,0,141.21199808219862,0.0,1024.0
Toshiba,Ultrabook,Intel Core i7,32,Intel,Windows,1.05,149130.72,0,1,165.6321180513006,512.0,0.0
MSI,Gaming,Intel Core i5,8,Nvidia,Windows,2.7,58341.6,0,0,127.33567457123112,128.0,1024.0
Lenovo,Gaming,Intel Core i5,8,Nvidia,Windows,2.4,43636.32,1,0,141.21199808219862,0.0,1024.0
Lenovo,Ultrabook,Intel Core i7,12,Intel,Windows,1.4,89137.44,1,0,157.3505121487356,256.0,0.0
Dell,Notebook,Intel Core i7,16,AMD,Windows,2.2,60472.8,0,0,141.21199808219862,256.0,2048.0
Acer,2 in 1 Convertible,Intel Core i5,8,Intel,Windows,1.6,36709.92,1,1,165.6321180513006,256.0,0.0
Huawei,Ultrabook,Intel Core i7,8,Intel,Windows,1.05,79866.72,1,0,199.69207064108247,512.0,0.0
Dell,Notebook,Intel Core i5,8,AMD,Windows,2.13,38787.84,0,0,141.21199808219862,256.0,0.0
Acer,Ultrabook,Intel Core i7,8,Intel,Windows,1.6,47099.52,1,0,157.3505121487356,256.0,0.0
HP,Notebook,Intel Core i7,6,Intel,Windows,2.04,30849.12,0,0,100.45466986113652,0.0,1024.0
Apple,Ultrabook,other,8,Intel,Mac,0.92,69264.0,1,0,226.4155471693585,0.0,0.0
Asus,Notebook,Intel Core i7,4,Nvidia,Windows,2.2,38378.6496,0,0,100.45466986113652,0.0,500.0
Dell,Notebook,Intel Core i7,16,Nvidia,Windows,2.77,82530.72,0,1,127.33567457123112,512.0,0.0
Dell,Gaming,Intel Core i7,16,Nvidia,Windows,2.65,79866.72,1,0,141.21199808219862,256.0,1024.0
HP,Workstation,Intel Core i7,8,Nvidia,Windows,3.14,101657.7072,0,0,127.33567457123112,0.0,500.0
MSI,Gaming,Intel Core i7,16,Nvidia,Windows,2.2,69210.72,0,0,141.21199808219862,256.0,1024.0
Dell,Ultrabook,Intel Core i7,8,Intel,Windows,1.3,67559.04,0,0,276.053530085501,256.0,0.0
Lenovo,Notebook,other,4,Intel,Windows,2.2,18328.32,0,0,141.21199808219862,0.0,500.0
MSI,Gaming,Intel Core i7,8,Nvidia,Windows,2.7,71847.0144,0,0,127.33567457123112,128.0,1024.0
MSI,Gaming,Intel Core i7,16,Nvidia,Windows,3.78,133146.72,0,0,127.33567457123112,256.0,1024.0
Asus,Notebook,other,4,Intel,Windows,2.65,16463.52,0,0,100.45466986113652,0.0,1024.0
Chuwi,Notebook,other,4,Intel,Windows,1.89,13261.392000000002,0,0,141.21199808219862,0.0,0.0
HP,Gaming,Intel Core i7,12,Nvidia,Windows,3.78,90522.72,1,0,127.33567457123112,0.0,1024.0
HP,Ultrabook,Intel Core i7,8,Intel,Windows,1.91,35111.52,0,0,141.21199808219862,256.0,0.0
Asus,Notebook,Intel Core i5,4,Nvidia,Others,2.45,30849.12,0,0,100.45466986113652,0.0,1024.0
MSI,Gaming,Intel Core i7,16,Nvidia,Windows,2.9,128671.2,0,0,127.33567457123112,512.0,1024.0
Dell,Notebook,Intel Core i7,4,AMD,Windows,2.18,39373.92,0,0,141.21199808219862,256.0,0.0
Lenovo,Notebook,Intel Core i5,8,AMD,Windows,3.0,35111.52,0,0,106.11306214269258,0.0,1024.0
Dell,Notebook,Intel Core i5,8,AMD,Windows,2.8,57808.8,0,0,127.33567457123112,128.0,1024.0
Lenovo,Notebook,Intel Core i7,8,Nvidia,Others,2.2,36496.8,0,0,141.21199808219862,0.0,1024.0
Toshiba,Ultrabook,Intel Core i7,16,Intel,Windows,1.05,118601.28,0,0,165.6321180513006,512.0,0.0
Lenovo,Notebook,Intel Core i5,8,Nvidia,Windows,1.5,58554.72,1,0,157.3505121487356,256.0,0.0
Lenovo,Notebook,AMD Processor,4,AMD,Windows,2.19,15877.44,0,0,100.45466986113652,0.0,500.0
Dell,Notebook,Intel Core i7,8,AMD,Windows,2.36,52161.12,0,0,141.21199808219862,128.0,1024.0
Dell,Notebook,Intel Core i5,8,AMD,Windows,2.24,30103.2,0,0,141.21199808219862,0.0,1024.0
Toshiba,Ultrabook,Intel Core i7,8,Intel,Windows,1.1,95371.2,0,1,176.23257360658386,512.0,0.0
Lenovo,Gaming,Intel Core i7,16,Nvidia,Windows,3.2,79866.72,1,0,141.21199808219862,256.0,1024.0
HP,Gaming,Intel Core i7,8,Nvidia,Windows,2.2,58554.72,1,0,141.21199808219862,128.0,1024.0
HP,Ultrabook,AMD Processor,4,AMD,Windows,1.91,26586.72,0,0,141.21199808219862,256.0,0.0
Lenovo,Notebook,Intel Core i5,8,Intel,Windows,1.32,87912.0,1,0,157.3505121487356,256.0,0.0
Acer,Notebook,Intel Core i3,4,Intel,Windows,2.1,23922.72,0,0,100.45466986113652,128.0,0.0
Lenovo,Notebook,Intel Core i3,8,Nvidia,Others,2.2,26586.72,0,0,141.21199808219862,0.0,1024.0
Dell,Ultrabook,Intel Core i7,8,Intel,Windows,1.23,73473.12,0,0,165.6321180513006,256.0,0.0
Dell,Notebook,Intel Core i7,8,Nvidia,Windows,1.98,51202.08,0,0,141.21199808219862,0.0,1024.0
Dell,Gaming,Intel Core i7,16,Nvidia,Windows,2.6,71874.72,0,0,141.21199808219862,128.0,1024.0
Dell,Gaming,Intel Core i7,16,Nvidia,Windows,2.72,58554.72,1,1,282.42399616439724,128.0,1024.0
Lenovo,Notebook,Intel Core i3,8,Intel,Windows,2.29,24455.52,0,0,100.45466986113652,0.0,1024.0
Dell,Ultrabook,Intel Core i5,8,Intel,Windows,1.7,46833.12,0,0,157.3505121487356,256.0,0.0
Dell,Notebook,Intel Core i7,8,AMD,Others,2.14,39164.5296,0,0,141.21199808219862,256.0,0.0
Lenovo,Notebook,Intel Core i3,4,AMD,Others,1.9,19607.04,0,0,100.45466986113652,0.0,1024.0
Lenovo,Notebook,Intel Core i3,4,Intel,Windows,2.8,26053.92,0,0,106.11306214269258,0.0,1024.0
Acer,Notebook,other,4,Intel,Others,1.68,18594.72,0,0,111.93520355955212,0.0,0.0
Toshiba,Notebook,Intel Core i5,8,Intel,Windows,1.5,51841.44,1,0,165.6321180513006,256.0,0.0
Dell,Notebook,Intel Core i7,8,AMD,Windows,2.33,47898.72,0,0,141.21199808219862,256.0,0.0
Toshiba,Notebook,Intel Core i5,4,Intel,Windows,1.2,63669.6,0,0,165.6321180513006,128.0,0.0
Lenovo,Notebook,Intel Core i7,4,Intel,Windows,1.85,41505.12,0,0,141.21199808219862,0.0,1024.0
Toshiba,Notebook,Intel Core i7,16,Nvidia,Windows,2.4,105228.0,1,0,141.21199808219862,256.0,0.0
Dell,Ultrabook,Intel Core i7,8,Intel,Windows,1.5,104587.57439999998,0,1,209.8006828649808,256.0,0.0
Toshiba,Notebook,Intel Core i5,4,Intel,Windows,2.1,41558.4,0,0,100.45466986113652,0.0,500.0
Lenovo,2 in 1 Convertible,Intel Core i7,8,Intel,Windows,1.37,103896.0,1,1,165.6321180513006,256.0,0.0
Lenovo,Notebook,Intel Core i5,4,Intel,Others,2.15,24634.008,0,0,141.21199808219862,0.0,1024.0
Acer,Notebook,other,4,Intel,Windows,2.4,20246.4,0,0,100.45466986113652,0.0,500.0
HP,Notebook,AMD Processor,6,AMD,Windows,2.65,30316.32,1,0,127.33567457123112,0.0,2048.0
MSI,Gaming,Intel Core i7,16,Nvidia,Windows,1.8,111593.8944,0,0,141.21199808219862,256.0,1024.0
Toshiba,Notebook,Intel Core i5,8,Intel,Windows,1.47,79387.2,1,0,157.3505121487356,256.0,0.0
Dell,Notebook,Intel Core i7,8,Nvidia,Windows,4.42,109010.88,1,0,127.33567457123112,0.0,1024.0
MSI,Gaming,Intel Core i7,8,Nvidia,Windows,2.7,71874.72,0,0,127.33567457123112,256.0,0.0
MSI,Gaming,Intel Core i7,16,Nvidia,Windows,2.4,68944.31999999999,0,0,141.21199808219862,256.0,1024.0
Lenovo,Gaming,Intel Core i7,8,Nvidia,Windows,2.5,55837.44,1,0,141.21199808219862,128.0,1024.0
Dell,Notebook,other,4,Intel,Windows,2.2,23655.7872,0,0,100.45466986113652,0.0,500.0
Dell,Notebook,Intel Core i5,8,AMD,Others,2.32,31409.6256,0,0,100.45466986113652,0.0,1024.0
Lenovo,Ultrabook,Intel Core i7,8,AMD,Windows,1.75,64755.44640000001,1,0,157.3505121487356,256.0,0.0
HP,Notebook,AMD Processor,4,AMD,Windows,1.91,26053.3872,0,0,141.21199808219862,256.0,0.0
HP,Notebook,Intel Core i3,4,AMD,Windows,2.1,24988.32,0,0,141.21199808219862,0.0,1024.0
Acer,Notebook,Intel Core i3,8,Intel,Windows,2.1,20725.92,0,0,111.93520355955212,0.0,1024.0
HP,Notebook,Intel Core i5,4,Intel,Windows,1.86,25840.8,0,0,100.45466986113652,0.0,500.0
Dell,2 in 1 Convertible,Intel Core i7,16,Nvidia,Windows,2.77,95850.72,0,1,127.33567457123112,512.0,0.0
Asus,Netbook,other,4,Intel,Windows,1.2,18115.2,0,0,135.0942111925629,0.0,0.0
Lenovo,Ultrabook,Intel Core i7,8,Intel,Windows,1.13,109170.72,1,0,157.3505121487356,0.0,0.0
Dell,Notebook,Intel Core i5,4,AMD,Others,2.18,30316.32,0,0,141.21199808219862,128.0,0.0
Dell,Ultrabook,Intel Core i5,8,Intel,Windows,1.21,86793.12,1,0,165.6321180513006,256.0,0.0
HP,Ultrabook,Intel Core i7,8,Intel,Windows,1.43,79920.0,0,0,157.3505121487356,256.0,0.0
HP,Notebook,Intel Core i3,4,Intel,Windows,2.1,35616.6144,0,0,100.45466986113652,0.0,500.0
Dell,Notebook,Intel Core i3,4,AMD,Others,2.18,24775.2,0,0,100.45466986113652,0.0,1024.0
HP,Gaming,Intel Core i5,8,Nvidia,Windows,2.75,74538.72,1,0,127.33567457123112,128.0,1024.0
Dell,Ultrabook,Intel Core i7,8,Intel,Windows,1.21,87858.72,1,0,165.6321180513006,256.0,0.0
MSI,Gaming,Intel Core i7,8,Nvidia,Windows,2.2,44701.92,1,0,141.21199808219862,0.0,1024.0
Acer,2 in 1 Convertible,Intel Core i7,8,Intel,Windows,1.2,61218.72,1,1,157.3505121487356,256.0,0.0
Lenovo,Ultrabook,Intel Core i5,4,Intel,Windows,1.7,58394.88,0,0,157.3505121487356,180.0,0.0
Lenovo,Notebook,Intel Core i3,8,Intel,Windows,1.4,50562.72,1,0,165.6321180513006,256.0,0.0
Lenovo,Notebook,AMD Processor,4,AMD,Windows,2.2,15930.72,0,0,100.45466986113652,0.0,500.0
Acer,Gaming,Intel Core i7,8,Nvidia,Windows,2.7,67132.8,1,0,141.21199808219862,128.0,1024.0
Asus,Gaming,Intel Core i7,16,Nvidia,Windows,2.5,95850.72,0,0,141.21199808219862,256.0,1024.0
HP,Notebook,Intel Core i3,4,Intel,Others,1.86,18381.0672,0,0,141.21199808219862,0.0,500.0
Lenovo,Notebook,Intel Core i7,8,AMD,Windows,2.1,65510.9568,1,0,141.21199808219862,256.0,0.0
Asus,Ultrabook,Intel Core i5,8,Nvidia,Windows,1.45,54665.28,1,0,165.6321180513006,512.0,0.0
Asus,Notebook,other,4,Intel,Others,2.0,11934.72,0,0,100.45466986113652,0.0,500.0
Asus,Notebook,Intel Core i5,8,Nvidia,Others,2.3,27864.9072,0,0,100.45466986113652,0.0,1024.0
Dell,Gaming,Intel Core i7,8,Nvidia,Windows,2.56,56502.9072,0,0,141.21199808219862,128.0,1024.0
Dell,Notebook,Intel Core i3,4,Intel,Windows,1.65,36709.92,0,0,117.82653006268644,128.0,0.0
Toshiba,Ultrabook,Intel Core i7,16,Intel,Windows,1.24,99367.2,0,1,157.3505121487356,512.0,0.0
Lenovo,Notebook,Intel Core i5,4,Intel,Others,2.2,24881.76,0,0,141.21199808219862,0.0,1024.0
Dell,Notebook,Intel Core i5,8,Intel,Windows,1.6,64202.4,0,0,157.3505121487356,256.0,0.0
Dell,Notebook,Intel Core i7,8,AMD,Windows,2.02,60867.072,0,0,141.21199808219862,256.0,2048.0
Acer,Notebook,other,4,Intel,Others,1.45,19980.0,0,0,111.93520355955212,0.0,0.0
Asus,Notebook,AMD Processor,4,AMD,Windows,2.0,18594.72,0,0,100.45466986113652,0.0,500.0
Apple,Ultrabook,other,8,Intel,Mac,0.92,61964.64,1,0,226.4155471693585,0.0,0.0
HP,2 in 1 Convertible,Intel Core i3,4,Nvidia,Windows,1.63,37242.72,1,1,157.3505121487356,128.0,0.0
Lenovo,Notebook,other,4,Intel,Windows,2.1,16943.04,0,0,100.45466986113652,0.0,500.0
Vero,Notebook,other,4,Intel,Windows,1.35,10442.88,0,0,165.6321180513006,0.0,0.0
Asus,Gaming,Intel Core i7,16,Nvidia,Windows,2.34,123876.0,1,0,141.21199808219862,256.0,1024.0
Toshiba,Notebook,Intel Core i3,4,Intel,Windows,2.1,23816.16,0,0,100.45466986113652,0.0,500.0
HP,Notebook,Intel Core i5,8,Intel,Windows,1.34,63349.92,1,0,165.6321180513006,256.0,0.0
HP,Notebook,Intel Core i7,16,Nvidia,Windows,2.9,56423.52,1,0,127.33567457123112,0.0,1024.0
HP,Notebook,AMD Processor,6,AMD,Windows,2.1,28185.12,0,0,141.21199808219862,0.0,1024.0
HP,Notebook,Intel Core i5,8,Intel,Windows,1.48,67559.04,0,0,157.3505121487356,256.0,0.0
Lenovo,Notebook,Intel Core i5,4,Intel,Windows,1.7,53386.56,0,0,111.93520355955212,0.0,0.0
Apple,Ultrabook,Intel Core i5,8,Intel,Others,1.37,80908.344,1,0,226.98300468106115,256.0,0.0
HP,2 in 1 Convertible,Intel Core i7,8,Intel,Windows,1.48,95850.72,0,1,220.84282406840083,256.0,0.0
Acer,Notebook,AMD Processor,8,AMD,Windows,2.2,35111.52,0,0,100.45466986113652,256.0,0.0
Samsung,Ultrabook,Intel Core i7,8,Intel,Windows,1.31,85194.72,0,1,165.6321180513006,256.0,0.0
Lenovo,Notebook,Intel Core i5,6,Intel,Windows,2.4,30049.92,0,0,141.21199808219862,0.0,1024.0
Asus,Gaming,Intel Core i7,8,Nvidia,Windows,3.52,69929.4672,0,0,127.33567457123112,128.0,1024.0
Acer,Netbook,other,4,Intel,Others,1.25,15824.16,1,0,135.0942111925629,0.0,0.0
HP,Notebook,Intel Core i7,8,Nvidia,Windows,1.64,63159.7104,0,0,157.3505121487356,256.0,0.0
Toshiba,Ultrabook,Intel Core i7,8,Intel,Windows,1.2,72620.64,0,0,165.6321180513006,256.0,0.0
HP,2 in 1 Convertible,Intel Core i5,8,Intel,Windows,1.29,79866.72,1,1,331.2642361026012,256.0,0.0
Acer,Notebook,Intel Core i5,8,Intel,Windows,1.56,48058.56,1,0,157.3505121487356,256.0,0.0
HP,Gaming,Intel Core i7,12,Nvidia,Windows,2.62,66546.72,1,0,141.21199808219862,128.0,1024.0
HP,Workstation,Intel Core i7,8,Nvidia,Windows,2.59,83170.08,0,0,141.21199808219862,256.0,0.0
HP,Ultrabook,Intel Core i7,8,Intel,Windows,1.32,74538.72,1,0,165.6321180513006,256.0,0.0
Dell,Ultrabook,Intel Core i7,16,Intel,Windows,1.18,99047.52,0,0,176.23257360658386,256.0,0.0
HP,Notebook,AMD Processor,4,AMD,Others,1.86,13746.24,0,0,100.45466986113652,0.0,500.0
Lenovo,Notebook,other,4,Intel,Others,2.2,17155.627200000003,0,0,100.45466986113652,0.0,1024.0
Acer,Notebook,Intel Core i5,4,Intel,Windows,2.4,29783.52,0,0,100.45466986113652,0.0,500.0
HP,Notebook,Intel Core i3,4,Intel,Windows,2.31,37570.392,0,0,100.45466986113652,0.0,500.0
MSI,Gaming,Intel Core i7,16,Nvidia,Windows,1.91,114731.5536,0,0,141.21199808219862,128.0,1024.0
Dell,Gaming,Intel Core i7,16,Nvidia,Windows,2.59,46833.6528,0,0,141.21199808219862,0.0,1024.0
Dell,Notebook,Intel Core i5,4,Intel,Windows,1.6,46620.0,0,0,111.93520355955212,0.0,500.0
Dell,Notebook,other,4,Intel,Others,2.2,14646.672,0,0,100.45466986113652,0.0,500.0
Lenovo,Notebook,Intel Core i7,8,Intel,Windows,1.4,53812.8,1,0,165.6321180513006,256.0,0.0
HP,Notebook,Intel Core i5,4,Intel,Windows,2.04,44701.92,0,0,141.21199808219862,256.0,0.0
HP,Notebook,Intel Core i7,8,Nvidia,Windows,1.63,54931.68,0,0,157.3505121487356,256.0,0.0
Lenovo,Gaming,Intel Core i7,16,Nvidia,Windows,3.2,93186.72,1,0,141.21199808219862,512.0,1024.0
Asus,Gaming,Intel Core i7,16,Nvidia,Windows,4.0,101232.0,1,0,127.33567457123112,128.0,1024.0
HP,Notebook,Intel Core i5,4,Intel,Windows,2.04,39533.76,0,0,100.45466986113652,0.0,500.0
Dell,Gaming,Intel Core i5,8,Nvidia,Windows,2.65,63669.6,0,0,141.21199808219862,256.0,0.0
Dell,Notebook,Intel Core i3,4,AMD,Windows,2.18,32713.92,0,0,100.45466986113652,0.0,1024.0
Lenovo,Notebook,Intel Core i5,4,Intel,Windows,1.9,29250.72,0,0,141.21199808219862,0.0,1024.0
HP,Ultrabook,Intel Core i7,8,Intel,Windows,1.54,100550.5488,0,0,157.3505121487356,256.0,0.0
Acer,Notebook,Intel Core i7,8,Nvidia,Windows,3.0,50669.28,1,0,141.21199808219862,256.0,0.0
Lenovo,2 in 1 Convertible,Intel Core i7,16,Intel,Windows,1.38,93186.72,0,1,157.3505121487356,512.0,0.0
Dell,Gaming,Intel Core i7,16,Nvidia,Windows,2.65,71874.72,1,0,141.21199808219862,128.0,1024.0
Lenovo,Notebook,Intel Core i7,16,Nvidia,Windows,2.5,130482.72,0,0,141.21199808219862,512.0,0.0
MSI,Gaming,Intel Core i7,16,Nvidia,Windows,2.43,141138.72,1,0,254.67134914246225,512.0,2048.0
MSI,Gaming,Intel Core i7,16,Nvidia,Windows,2.8,100699.2,0,0,127.33567457123112,256.0,1024.0
Asus,Gaming,Intel Core i7,8,Nvidia,Windows,2.2,50562.72,0,0,141.21199808219862,0.0,1024.0
MSI,Gaming,Intel Core i7,8,Nvidia,Windows,2.9,80516.20319999999,0,0,127.33567457123112,128.0,1024.0
Dell,Gaming,Intel Core i5,8,Nvidia,Windows,2.62,52480.8,0,0,141.21199808219862,256.0,0.0
Mediacom,Notebook,other,4,Intel,Windows,1.45,20725.92,1,0,157.3505121487356,32.0,0.0
Acer,Notebook,Intel Core i5,4,Intel,Others,2.4,23539.104,0,0,100.45466986113652,0.0,500.0
Lenovo,Notebook,Intel Core i5,4,Intel,Windows,2.1,33110.856,0,0,141.21199808219862,0.0,1024.0
Acer,Ultrabook,Intel Core i5,8,Intel,Windows,1.12,52693.92,1,0,165.6321180513006,256.0,0.0
Asus,Gaming,AMD Processor,16,AMD,Windows,3.2,82530.72,0,0,127.33567457123112,256.0,1024.0
Acer,Notebook,Intel Core i3,4,Intel,Others,2.1,20779.2,0,0,100.45466986113652,0.0,1024.0
Dell,Notebook,Intel Core i7,16,Nvidia,Windows,2.06,101178.72,0,0,141.21199808219862,512.0,0.0
Lenovo,Netbook,Intel Core i7,16,Intel,Windows,1.3,87912.0,1,1,176.23257360658386,512.0,0.0
Dell,Notebook,Intel Core i3,4,AMD,Windows,2.18,32921.712,0,0,100.45466986113652,0.0,1024.0
Dell,Notebook,Intel Core i7,8,Nvidia,Windows,2.16,60223.98239999999,1,0,141.21199808219862,256.0,1024.0
Lenovo,Notebook,other,2,Intel,Windows,1.42,13266.72,0,0,111.93520355955212,0.0,0.0
HP,Workstation,Intel Core i7,8,Nvidia,Windows,2.59,118761.12,1,0,141.21199808219862,256.0,0.0
Asus,Notebook,Intel Core i5,8,Intel,Windows,2.37,58554.72,0,0,141.21199808219862,256.0,0.0
Lenovo,Netbook,other,4,Intel,Windows,1.4,25308.0,0,1,135.0942111925629,128.0,0.0
Dell,Notebook,Intel Core i5,8,Intel,Windows,2.18,44542.08,0,0,141.21199808219862,0.0,1024.0
Lenovo,Notebook,Intel Core i3,4,Nvidia,Windows,2.2,30849.12,0,0,141.21199808219862,0.0,1024.0
Dell,Notebook,Intel Core i3,4,Intel,Windows,2.18,29762.208,0,0,100.45466986113652,0.0,1024.0
HP,Notebook,Intel Core i5,4,Intel,Windows,2.31,50083.2,0,0,141.21199808219862,0.0,500.0
Acer,Notebook,Intel Core i5,12,Nvidia,Windows,2.4,53759.52,0,0,141.21199808219862,128.0,1024.0
HP,Notebook,Intel Core i5,8,Intel,Windows,1.63,43263.36,0,0,157.3505121487356,0.0,1024.0
Asus,Gaming,Intel Core i7,8,Nvidia,Windows,2.24,71341.92,0,0,141.21199808219862,128.0,1024.0
Acer,Notebook,Intel Core i3,8,Intel,Windows,1.5,32980.32,1,0,157.3505121487356,128.0,0.0
HP,Notebook,Intel Core i7,8,Intel,Windows,1.63,57755.52,0,0,157.3505121487356,512.0,0.0
Dell,Ultrabook,Intel Core i5,8,Intel,Windows,1.42,98133.768,0,1,165.6321180513006,256.0,0.0
Dell,Notebook,Intel Core i7,8,Nvidia,Windows,2.0,64308.96,0,0,141.21199808219862,128.0,1024.0
Lenovo,Ultrabook,Intel Core i7,8,Intel,Windows,1.3,91294.7472,1,1,176.23257360658386,256.0,0.0
Asus,Notebook,Intel Core i5,4,Intel,Windows,2.0,31232.203200000004,0,0,100.45466986113652,256.0,0.0
MSI,Gaming,Intel Core i7,16,Nvidia,Windows,4.14,117162.72,0,0,127.33567457123112,128.0,1024.0
MSI,Gaming,Intel Core i5,8,Nvidia,Windows,2.2,58021.92,0,0,141.21199808219862,128.0,1024.0
Razer,Gaming,Intel Core i7,32,Nvidia,Windows,3.49,292986.72,0,1,254.67134914246225,512.0,0.0
Asus,Notebook,Intel Core i7,8,Nvidia,Windows,1.7,59567.04,0,0,141.21199808219862,256.0,0.0
Dell,Notebook,Intel Core i7,8,AMD,Windows,2.2,48964.32,0,0,141.21199808219862,256.0,0.0
Acer,Netbook,other,2,Intel,Others,1.3,9270.72,0,0,135.0942111925629,32.0,0.0
Acer,Notebook,Intel Core i3,4,Intel,Others,2.1,21951.36,0,0,100.45466986113652,128.0,0.0
HP,Notebook,Intel Core i5,6,Nvidia,Windows,1.58,35111.52,1,0,157.3505121487356,256.0,0.0
Asus,Notebook,Intel Core i5,8,Nvidia,Windows,1.99,48304.7136,0,0,141.21199808219862,0.0,1024.0
HP,Ultrabook,Intel Core i7,8,Intel,Windows,1.36,93240.0,1,0,157.3505121487356,256.0,0.0
HP,Notebook,Intel Core i7,8,Nvidia,Windows,2.5,54239.04,0,0,127.33567457123112,0.0,1024.0
Toshiba,Notebook,Intel Core i5,8,Intel,Windows,2.0,56689.92,1,0,141.21199808219862,0.0,500.0
Dell,Notebook,Intel Core i5,4,Intel,Windows,1.76,40226.4,0,0,111.93520355955212,0.0,500.0
Lenovo,Ultrabook,Intel Core i7,8,Intel,Windows,1.13,133146.72,1,0,157.3505121487356,512.0,0.0
Asus,2 in 1 Convertible,other,8,Intel,Others,1.2,61751.52,0,0,176.23257360658386,0.0,0.0
Lenovo,Notebook,Intel Core i3,4,Intel,Others,2.2,19660.32,0,0,100.45466986113652,128.0,0.0
Dell,Ultrabook,Intel Core i5,8,AMD,Windows,1.9,35324.64,0,0,141.21199808219862,0.0,1024.0
HP,Notebook,other,4,Intel,Windows,1.96,26640.0,0,0,100.45466986113652,0.0,1024.0
Asus,Notebook,other,4,Intel,Others,2.0,21258.1872,0,0,100.45466986113652,0.0,1024.0
Dell,Gaming,Intel Core i7,8,Nvidia,Windows,2.62,58554.72,0,0,141.21199808219862,0.0,1024.0
HP,Notebook,Intel Core i5,8,Nvidia,Windows,2.5,48697.92,1,0,127.33567457123112,0.0,1024.0
Dell,Notebook,Intel Core i5,8,AMD,Others,2.2,34472.16,0,0,141.21199808219862,0.0,1024.0
Apple,Ultrabook,Intel Core i5,8,Intel,Others,1.37,96095.808,1,0,226.98300468106115,256.0,0.0
Acer,2 in 1 Convertible,other,4,Intel,Others,1.25,20193.12,1,1,135.0942111925629,0.0,0.0
HP,Notebook,other,8,Intel,Windows,1.94,20725.92,0,0,111.93520355955212,0.0,2048.0
HP,Notebook,AMD Processor,4,AMD,Windows,1.86,21231.5472,0,0,141.21199808219862,256.0,0.0
Dell,Notebook,Intel Core i5,4,Intel,Windows,2.18,35004.96,0,0,141.21199808219862,0.0,1024.0
HP,2 in 1 Convertible,Intel Core i7,8,Intel,Windows,1.48,108744.48,0,1,220.84282406840083,512.0,0.0
Lenovo,Notebook,other,4,Intel,Windows,2.2,18594.72,0,0,141.21199808219862,128.0,0.0
MSI,Gaming,Intel Core i7,16,Nvidia,Windows,3.78,127818.72,0,0,127.33567457123112,256.0,1024.0
Toshiba,Ultrabook,Intel Core i7,16,Nvidia,Windows,1.47,93985.92,1,0,157.3505121487356,512.0,0.0
Toshiba,Notebook,Intel Core i3,4,Intel,Windows,2.0,35644.32,0,0,100.45466986113652,0.0,500.0
MSI,Gaming,Intel Core i7,16,Nvidia,Windows,3.78,82351.6992,1,0,127.33567457123112,256.0,1024.0
Lenovo,Notebook,Intel Core i5,4,Intel,Windows,1.7,37242.72,0,0,157.3505121487356,256.0,0.0
Asus,Gaming,Intel Core i7,8,Nvidia,Windows,2.5,67399.2,0,0,141.21199808219862,128.0,1024.0
Lenovo,Notebook,AMD Processor,12,AMD,Windows,2.2,47898.72,0,0,141.21199808219862,0.0,2048.0
HP,Notebook,Intel Core i3,4,AMD,Windows,2.1,26586.72,0,0,141.21199808219862,128.0,1024.0
Acer,Notebook,AMD Processor,8,AMD,Windows,2.23,24988.32,0,0,141.21199808219862,256.0,0.0
Acer,Notebook,Intel Core i3,4,Intel,Windows,2.1,23816.16,0,0,100.45466986113652,0.0,1024.0
Acer,Notebook,AMD Processor,4,AMD,Windows,2.1,24029.28,0,0,100.45466986113652,256.0,0.0
Lenovo,Gaming,Intel Core i5,8,Nvidia,Others,2.4,52693.92,1,0,141.21199808219862,128.0,1024.0
Lenovo,Notebook,Intel Core i5,4,Intel,Windows,2.05,36496.8,0,0,141.21199808219862,0.0,500.0
Asus,2 in 1 Convertible,other,4,Intel,Others,1.2,35644.32,0,1,176.23257360658386,0.0,0.0
MSI,Gaming,Intel Core i7,8,Nvidia,Windows,2.7,79215.1056,0,0,127.33567457123112,128.0,1024.0
Lenovo,2 in 1 Convertible,other,4,Intel,Others,0.69,16996.32,1,1,224.1738090785728,0.0,0.0
Lenovo,2 in 1 Convertible,Intel Core i7,8,Intel,Windows,1.8,88924.31999999999,1,1,157.3505121487356,256.0,0.0
Dell,Notebook,Intel Core i5,8,AMD,Windows,2.2,38308.32,0,0,141.21199808219862,128.0,1024.0
Dell,Notebook,Intel Core i3,8,AMD,Windows,2.0,39373.92,0,0,141.21199808219862,256.0,0.0
Lenovo,Notebook,Intel Core i5,8,Intel,Windows,1.7,63190.08,0,0,157.3505121487356,256.0,0.0
HP,Workstation,Intel Core i7,8,Nvidia,Windows,2.6,92615.0256,0,0,141.21199808219862,256.0,0.0
Dell,Ultrabook,Intel Core i5,8,Intel,Windows,1.26,91288.3536,0,1,176.23257360658386,256.0,0.0
Lenovo,Gaming,Intel Core i7,8,Nvidia,Others,2.4,46300.32,1,0,141.21199808219862,256.0,0.0
HP,2 in 1 Convertible,Intel Core i7,8,Intel,Windows,1.29,106506.72,1,1,331.2642361026012,512.0,0.0
Asus,Notebook,other,4,Intel,Windows,1.65,18541.44,0,0,111.1413368676404,0.0,0.0
MSI,Gaming,Intel Core i7,8,Nvidia,Windows,2.2,63499.10399999999,0,0,141.21199808219862,128.0,1024.0
Lenovo,Ultrabook,Intel Core i7,16,Intel,Windows,1.13,139860.0,1,0,209.8006828649808,1024.0,0.0
HP,Ultrabook,Intel Core i5,8,Intel,Windows,1.26,63882.72,0,0,176.23257360658386,256.0,0.0
Lenovo,Notebook,Intel Core i7,8,Intel,Windows,2.3,81465.12,1,0,141.21199808219862,256.0,0.0
HP,Notebook,Intel Core i7,8,Intel,Windows,1.48,68837.76,0,0,157.3505121487356,256.0,0.0
Dell,Ultrabook,Intel Core i5,8,Intel,Windows,1.22,52161.12,1,1,165.6321180513006,128.0,0.0
Lenovo,2 in 1 Convertible,Intel Core i7,8,Intel,Windows,1.19,79866.72,1,1,165.6321180513006,512.0,0.0
Lenovo,Notebook,other,4,Intel,Windows,1.44,13266.72,0,0,111.93520355955212,0.0,0.0
Lenovo,Ultrabook,Intel Core i5,8,Intel,Windows,1.13,99900.0,1,0,157.3505121487356,0.0,0.0
Dell,2 in 1 Convertible,Intel Core i7,16,Intel,Windows,1.22,87858.72,0,1,165.6321180513006,256.0,0.0
Lenovo,Notebook,Intel Core i5,8,Intel,Windows,1.44,50562.72,0,0,165.6321180513006,256.0,0.0
Dell,Notebook,Intel Core i3,4,Intel,Windows,1.76,31168.8,0,0,111.93520355955212,0.0,500.0
Dell,Notebook,Intel Core i5,8,AMD,Windows,2.5,41771.52,0,0,100.45466986113652,0.0,1024.0
Dell,Ultrabook,Intel Core i7,8,Intel,Windows,1.36,89510.4,0,0,157.3505121487356,512.0,0.0
Dell,Notebook,Intel Core i5,4,AMD,Windows,2.18,36496.2672,0,0,100.45466986113652,0.0,1024.0
HP,Netbook,other,4,Intel,Others,1.23,20512.8,0,0,135.0942111925629,0.0,0.0
Toshiba,Ultrabook,Intel Core i5,8,Intel,Windows,1.2,58341.6,0,0,117.82653006268644,256.0,0.0
HP,Notebook,other,4,Intel,Windows,1.86,21258.1872,0,0,141.21199808219862,256.0,0.0
Dell,Gaming,Intel Core i7,16,Nvidia,Windows,4.42,152859.7872,1,0,282.42399616439724,256.0,1024.0
Acer,Notebook,Intel Core i5,4,Nvidia,Windows,2.23,32820.48,0,0,141.21199808219862,0.0,1024.0
HP,Ultrabook,Intel Core i5,4,Intel,Windows,1.26,81997.92,0,0,176.23257360658386,0.0,500.0
HP,Notebook,Intel Core i5,4,Intel,Windows,1.86,26037.4032,0,0,100.45466986113652,0.0,1024.0
Dell,Notebook,Intel Core i3,8,Intel,Windows,2.3,24455.52,0,0,100.45466986113652,0.0,1024.0
Dell,Notebook,Intel Core i7,8,AMD,Windows,2.2,52480.8,0,0,141.21199808219862,128.0,2048.0
HP,Gaming,Intel Core i7,12,AMD,Windows,3.74,93186.72,1,0,127.33567457123112,0.0,1024.0
HP,Notebook,AMD Processor,4,AMD,Windows,1.86,15824.16,0,0,100.45466986113652,0.0,500.0
HP,Ultrabook,Intel Core i7,16,Intel,Windows,1.3,109170.72,1,0,331.2642361026012,512.0,0.0
HP,Notebook,other,2,Intel,Windows,1.44,13266.72,0,0,111.93520355955212,0.0,0.0
Lenovo,Ultrabook,Intel Core i7,16,Intel,Windows,1.7,122490.72,0,0,157.3505121487356,512.0,0.0
Dell,Notebook,Intel Core i3,4,Intel,Windows,2.29,26107.2,0,0,100.45466986113652,0.0,500.0
Asus,Ultrabook,Intel Core i7,16,Intel,Windows,0.91,103896.0,0,0,176.23257360658386,512.0,0.0
HP,Ultrabook,Intel Core i5,4,Intel,Windows,1.48,57648.96,0,0,157.3505121487356,256.0,0.0
Lenovo,2 in 1 Convertible,Intel Core i7,8,Intel,Windows,1.37,93635.3376,1,1,165.6321180513006,256.0,0.0
Lenovo,Ultrabook,Intel Core i5,8,Intel,Windows,1.36,93772.8,1,0,176.23257360658386,256.0,0.0
Lenovo,Notebook,Intel Core i5,4,Intel,Windows,2.2,28504.8,0,0,141.21199808219862,0.0,500.0
Lenovo,Ultrabook,Intel Core i7,8,Nvidia,Windows,1.96,101391.84,1,0,157.3505121487356,256.0,0.0
Acer,Notebook,Intel Core i5,4,Intel,Windows,2.23,32980.32,0,0,100.45466986113652,0.0,500.0
Asus,Ultrabook,Intel Core i5,8,Nvidia,Windows,1.7,52054.56,0,0,141.21199808219862,256.0,0.0
Lenovo,Notebook,Intel Core i7,8,Nvidia,Windows,2.2,47898.72,0,0,141.21199808219862,0.0,1024.0
Asus,Gaming,Intel Core i7,16,Nvidia,Windows,4.3,114552.0,1,0,127.33567457123112,512.0,1024.0
Dell,Gaming,Intel Core i7,16,Nvidia,Windows,3.49,149916.6,0,0,141.21199808219862,256.0,1024.0
Lenovo,Ultrabook,other,8,Intel,Windows,0.99,74538.72,1,1,234.9767648087785,512.0,0.0
HP,Notebook,Intel Core i5,8,Intel,Windows,2.04,42943.68,0,0,141.21199808219862,0.0,1024.0
Lenovo,Notebook,Intel Core i5,4,Intel,Windows,2.02,52747.2,0,0,111.93520355955212,0.0,500.0
Asus,Gaming,Intel Core i7,16,Nvidia,Windows,2.9,103842.72,0,0,127.33567457123112,256.0,1024.0
Lenovo,Notebook,Intel Core i5,8,Intel,Windows,1.44,51148.8,1,0,165.6321180513006,256.0,0.0
Lenovo,2 in 1 Convertible,Intel Core i7,8,Intel,Windows,1.37,104961.6,1,1,165.6321180513006,512.0,0.0
Apple,Ultrabook,Intel Core i7,16,AMD,Others,1.83,152274.24,1,0,220.53462386625827,512.0,0.0
Asus,Notebook,AMD Processor,4,AMD,Windows,1.65,14811.3072,0,0,111.93520355955212,64.0,0.0
Asus,Notebook,Intel Core i7,8,Intel,Windows,2.0,58288.32,0,0,157.3505121487356,256.0,0.0
Dell,Ultrabook,Intel Core i5,8,Intel,Windows,1.41,50562.72,0,0,165.6321180513006,256.0,0.0
HP,Notebook,Intel Core i5,8,Intel,Windows,1.43,78268.31999999999,0,0,157.3505121487356,256.0,0.0
Lenovo,Notebook,AMD Processor,6,AMD,Windows,2.2,29250.72,0,0,141.21199808219862,256.0,0.0
HP,Notebook,Intel Core i5,8,Intel,Windows,2.31,62071.2,0,0,141.21199808219862,256.0,0.0
Dell,2 in 1 Convertible,Intel Core i7,12,Intel,Windows,2.19,69210.72,1,1,141.21199808219862,512.0,0.0
Dell,Notebook,other,4,Intel,Others,2.2,17262.72,0,0,100.45466986113652,0.0,500.0
Lenovo,2 in 1 Convertible,Intel Core i7,16,Intel,Windows,1.42,150462.72,0,1,209.8006828649808,1024.0,0.0
HP,2 in 1 Convertible,Intel Core i5,8,Intel,Windows,1.26,74538.1872,1,1,165.6321180513006,256.0,0.0
Lenovo,Notebook,other,4,Intel,Others,1.9,14418.6336,0,0,100.45466986113652,128.0,0.0
HP,Notebook,Intel Core i5,4,Intel,Windows,1.54,58607.46719999999,0,0,157.3505121487356,256.0,0.0
HP,Ultrabook,Intel Core i7,8,Intel,Windows,1.43,77202.72,0,0,157.3505121487356,256.0,0.0
Toshiba,Notebook,Intel Core i7,8,Intel,Windows,2.2,74538.72,1,0,141.21199808219862,256.0,0.0
Dell,Notebook,Intel Core i7,16,AMD,Others,2.02,55890.72,0,0,141.21199808219862,256.0,2048.0
Asus,Gaming,Intel Core i7,16,Nvidia,Windows,2.9,113060.16,0,0,127.33567457123112,256.0,1024.0
Lenovo,Notebook,Intel Core i7,8,Intel,Windows,2.17,47893.39199999999,0,0,141.21199808219862,256.0,0.0
Asus,2 in 1 Convertible,other,4,Intel,Windows,1.5,19980.0,0,1,135.0942111925629,0.0,0.0
Asus,Gaming,Intel Core i7,16,Nvidia,Windows,4.3,122490.72,1,0,127.33567457123112,128.0,1024.0
Acer,Notebook,Intel Core i3,4,Intel,Others,2.1,19553.76,0,0,100.45466986113652,0.0,1024.0
Lenovo,Workstation,Intel Core i7,16,Nvidia,Windows,2.5,175770.72,1,0,282.42399616439724,1024.0,0.0
HP,Notebook,Intel Core i5,8,Intel,Windows,1.88,84129.12,0,0,141.21199808219862,256.0,0.0
HP,Notebook,Intel Core i5,4,Intel,Windows,2.04,52161.12,0,0,100.45466986113652,256.0,0.0
Asus,Gaming,Intel Core i7,24,Nvidia,Windows,2.24,158135.04,0,0,141.21199808219862,512.0,0.0
Asus,Gaming,AMD Processor,16,AMD,Windows,3.25,117162.72,1,0,127.33567457123112,256.0,1024.0
Apple,Ultrabook,Intel Core i5,8,Intel,Others,1.37,75604.31999999999,1,0,226.98300468106115,256.0,0.0
Dell,Workstation,Intel Core i7,8,Nvidia,Windows,1.78,128298.24,0,0,141.21199808219862,256.0,0.0
Asus,2 in 1 Convertible,Intel Core i5,8,Intel,Windows,1.1,70063.2,0,1,165.6321180513006,256.0,0.0
Dell,Notebook,Intel Core i5,4,AMD,Windows,2.24,40980.312,0,0,100.45466986113652,0.0,500.0
HP,Notebook,Intel Core i5,6,AMD,Windows,2.71,37242.72,1,0,127.33567457123112,0.0,2048.0
Dell,Notebook,Intel Core i7,8,AMD,Windows,2.2,39693.6,0,0,141.21199808219862,256.0,0.0
Acer,Notebook,Intel Core i7,4,Nvidia,Windows,2.2,34045.92,0,0,141.21199808219862,0.0,500.0
Dell,Notebook,Intel Core i5,4,AMD,Windows,2.3,34045.92,0,0,141.21199808219862,256.0,0.0
Vero,Notebook,other,4,Intel,Windows,1.3,13852.8,1,0,157.3505121487356,0.0,0.0
Lenovo,Notebook,Intel Core i5,4,Intel,Windows,1.87,41824.8,0,0,157.3505121487356,0.0,500.0
Asus,Netbook,other,2,Intel,Windows,1.1,13053.6,0,0,135.0942111925629,0.0,0.0
Lenovo,Gaming,Intel Core i7,8,Nvidia,Windows,3.31,63722.88,1,0,141.21199808219862,128.0,1024.0
Lenovo,Notebook,Intel Core i5,8,Intel,Windows,2.3,55922.688,0,0,141.21199808219862,256.0,0.0
Acer,Netbook,other,4,Intel,Others,1.35,18914.4,1,0,135.0942111925629,0.0,0.0
HP,Notebook,Intel Core i7,8,Intel,Windows,1.43,118761.12,0,0,157.3505121487356,256.0,0.0
Dell,2 in 1 Convertible,Intel Core i7,8,Intel,Windows,1.62,42517.9728,0,1,165.6321180513006,256.0,0.0
Acer,2 in 1 Convertible,other,4,Intel,Others,1.25,20725.92,1,1,135.0942111925629,0.0,0.0
MSI,Gaming,Intel Core i7,16,Nvidia,Windows,2.43,109165.392,0,0,127.33567457123112,256.0,1024.0
Lenovo,Notebook,Intel Core i5,6,Intel,Windows,2.2,30849.12,0,0,141.21199808219862,256.0,0.0
Dell,Notebook,Intel Core i5,8,Intel,Windows,1.95,43156.8,0,0,100.45466986113652,128.0,0.0
Acer,Notebook,Intel Core i7,8,Nvidia,Windows,2.2,44328.96,0,0,141.21199808219862,256.0,0.0
Apple,Ultrabook,Intel Core i5,8,Intel,Mac,1.35,58554.72,0,0,127.67794013309688,0.0,0.0
Google,Ultrabook,Intel Core i7,16,Intel,Others,1.1,117162.72,0,1,234.50740003017813,512.0,0.0
MSI,Gaming,Intel Core i7,8,Nvidia,Windows,2.3,62284.32,0,0,141.21199808219862,128.0,1024.0
HP,Notebook,Intel Core i7,8,AMD,Windows,1.9,67612.31999999999,0,0,141.21199808219862,0.0,1024.0
Dell,Notebook,Intel Core i5,8,AMD,Windows,2.8,52161.12,1,0,127.33567457123112,128.0,1024.0
HP,Workstation,other,16,Nvidia,Windows,3.0,233845.92,1,0,127.33567457123112,256.0,0.0
Lenovo,Ultrabook,Intel Core i7,12,Intel,Windows,1.4,98994.24,1,0,209.8006828649808,256.0,0.0
HP,Notebook,other,4,Intel,Others,1.29,32767.2,0,0,276.053530085501,0.0,0.0
Lenovo,Notebook,Intel Core i3,6,Nvidia,Windows,2.4,30316.32,0,0,141.21199808219862,128.0,0.0
Dell,Notebook,Intel Core i3,4,AMD,Windows,2.2,29073.297599999994,0,0,100.45466986113652,0.0,1024.0
Dell,Notebook,Intel Core i7,16,Nvidia,Windows,2.06,127818.72,0,1,282.42399616439724,1024.0,0.0
Acer,Notebook,other,4,Intel,Others,2.2,11135.52,0,0,100.45466986113652,16.0,0.0
Dell,Notebook,Intel Core i7,16,AMD,Windows,2.32,52746.6672,0,0,141.21199808219862,0.0,2048.0
HP,Ultrabook,Intel Core i7,8,Intel,Windows,1.54,117119.5632,0,0,209.8006828649808,256.0,0.0
HP,Workstation,Intel Core i7,8,Nvidia,Windows,3.14,110017.872,0,0,141.21199808219862,256.0,0.0
Asus,Notebook,AMD Processor,4,AMD,Windows,2.03,21471.84,0,0,100.45466986113652,0.0,1024.0
Dell,2 in 1 Convertible,Intel Core i5,8,Intel,Windows,1.24,101178.72,0,1,165.6321180513006,256.0,0.0
Toshiba,Ultrabook,Intel Core i5,4,Intel,Windows,1.25,58075.2,0,0,111.93520355955212,128.0,0.0
Lenovo,Gaming,Intel Core i7,32,Nvidia,Windows,4.6,172627.19999999998,1,0,127.33567457123112,512.0,0.0
Xiaomi,Ultrabook,Intel Core i5,8,Nvidia,Windows,1.28,49816.8,1,0,165.6321180513006,256.0,0.0
HP,Notebook,Intel Core i7,8,Nvidia,Windows,2.04,54291.78719999999,0,0,141.21199808219862,256.0,0.0
Lenovo,Notebook,Intel Core i5,4,Intel,Windows,1.9,26533.44,0,0,100.45466986113652,128.0,0.0
Lenovo,Notebook,Intel Core i3,8,Intel,Windows,2.2,24455.52,0,0,100.45466986113652,0.0,1024.0
Lenovo,Gaming,Intel Core i7,8,Nvidia,Others,2.4,61218.72,1,0,141.21199808219862,256.0,1024.0
Dell,Gaming,Intel Core i7,16,Nvidia,Windows,3.21,70809.12,0,0,282.42399616439724,256.0,1024.0
HP,Ultrabook,Intel Core i7,8,Nvidia,Windows,1.38,59620.32,1,0,165.6321180513006,256.0,0.0
HP,Gaming,Intel Core i7,16,Nvidia,Windows,3.78,79813.44,1,0,127.33567457123112,256.0,1024.0
HP,Notebook,Intel Core i7,6,AMD,Windows,2.19,40705.92,0,0,100.45466986113652,0.0,1024.0
HP,Notebook,Intel Core i7,8,Intel,Windows,1.49,58767.84,0,0,165.6321180513006,512.0,0.0
Dell,Gaming,Intel Core i7,8,Nvidia,Windows,2.62,47898.72,0,0,141.21199808219862,0.0,0.0
Acer,Notebook,Intel Core i7,8,Nvidia,Others,2.5,46833.12,0,0,141.21199808219862,256.0,0.0
Dell,Ultrabook,Intel Core i7,8,Intel,Windows,1.21,103842.72,1,1,331.2642361026012,256.0,0.0
Dell,Notebook,Intel Core i5,8,AMD,Windows,2.36,47365.92,0,0,141.21199808219862,256.0,0.0
Asus,Ultrabook,Intel Core i7,16,Nvidia,Windows,1.3,79653.59999999999,0,0,157.3505121487356,512.0,0.0
HP,Notebook,Intel Core i3,4,Intel,Windows,1.49,42624.0,0,0,117.82653006268644,0.0,500.0
HP,Notebook,Intel Core i7,8,Intel,Windows,2.04,57009.6,0,0,141.21199808219862,256.0,0.0
HP,Workstation,Intel Core i7,8,Intel,Windows,2.31,81731.52,1,0,141.21199808219862,512.0,0.0
Lenovo,2 in 1 Convertible,Intel Core i7,8,Intel,Windows,1.37,98514.72,1,1,158.48253022174808,512.0,0.0
Dell,Gaming,Intel Core i7,8,Nvidia,Others,2.62,49497.12,0,0,141.21199808219862,0.0,1024.0
HP,Ultrabook,Intel Core i7,8,Intel,Windows,1.16,104908.32,0,0,165.6321180513006,512.0,0.0
HP,2 in 1 Convertible,Intel Core i5,4,Intel,Windows,1.28,90576.0,0,1,165.6321180513006,256.0,0.0
Dell,Ultrabook,Intel Core i7,16,Intel,Windows,1.2,142790.4,0,1,276.053530085501,512.0,0.0
Fujitsu,Notebook,Intel Core i5,8,Intel,Windows,2.2,42570.72,0,0,100.45466986113652,256.0,0.0
Lenovo,Gaming,Intel Core i7,16,Nvidia,Windows,2.4,60153.12,1,0,141.21199808219862,256.0,2048.0
HP,Netbook,Intel Core i5,4,Intel,Windows,2.4,85194.72,0,0,125.36742798669836,128.0,0.0
HP,Notebook,Intel Core i5,4,Intel,Windows,2.1,38468.16,1,0,141.21199808219862,0.0,500.0
Dell,Gaming,Intel Core i7,16,Nvidia,Windows,2.56,66560.5728,0,0,141.21199808219862,512.0,0.0
Google,Ultrabook,Intel Core i5,8,Intel,Others,1.1,67932.0,0,1,234.50740003017813,128.0,0.0
Lenovo,Gaming,Intel Core i7,8,Nvidia,Windows,2.5,59087.52,1,0,141.21199808219862,128.0,1024.0
Dell,Notebook,Intel Core i3,6,Intel,Windows,2.3,24455.52,0,0,100.45466986113652,0.0,1024.0
Dell,Notebook,Intel Core i3,4,AMD,Windows,2.3,26586.72,0,0,100.45466986113652,128.0,0.0
Lenovo,Notebook,Intel Core i3,4,Intel,Windows,2.2,26586.72,0,0,141.21199808219862,128.0,0.0
Dell,Notebook,Intel Core i5,4,Intel,Windows,2.18,37725.4368,0,0,100.45466986113652,0.0,1024.0
Lenovo,Ultrabook,Intel Core i7,16,Intel,Windows,1.36,95797.44,1,0,176.23257360658386,512.0,0.0
Dell,Notebook,Intel Core i7,8,Nvidia,Windows,2.18,53807.472,0,0,141.21199808219862,256.0,0.0
HP,Ultrabook,other,8,Intel,Windows,0.97,107305.92,1,1,352.4651472131677,512.0,0.0
Lenovo,Notebook,Intel Core i5,8,AMD,Windows,2.1,60978.96,1,0,141.21199808219862,256.0,1024.0
Lenovo,Ultrabook,Intel Core i7,8,Intel,Windows,1.7,79333.3872,1,0,157.3505121487356,256.0,0.0
HP,Notebook,Intel Core i7,12,Nvidia,Windows,2.21,70702.56,1,0,141.21199808219862,128.0,1024.0
Dell,Gaming,Intel Core i7,32,Nvidia,Windows,4.42,167691.8736,1,0,254.67134914246225,512.0,1024.0
Lenovo,Notebook,Intel Core i7,8,AMD,Others,1.5,42570.72,1,0,157.3505121487356,512.0,0.0
Dell,Notebook,Intel Core i7,16,Nvidia,Windows,2.06,127712.16,0,1,282.42399616439724,512.0,0.0
Lenovo,2 in 1 Convertible,Intel Core i7,8,Intel,Windows,2.0,69210.72,1,1,141.21199808219862,256.0,0.0
Toshiba,Notebook,Intel Core i5,4,Intel,Windows,2.1,32074.56,0,0,100.45466986113652,0.0,500.0
HP,Notebook,Intel Core i5,8,Intel,Windows,1.84,101232.0,0,0,141.21199808219862,256.0,0.0
Toshiba,Notebook,Intel Core i5,4,Intel,Windows,1.2,63669.6,0,0,165.6321180513006,128.0,0.0
HP,Notebook,Intel Core i5,8,Intel,Windows,1.49,51095.52,0,0,165.6321180513006,512.0,0.0
Lenovo,Notebook,Intel Core i7,8,Nvidia,Windows,2.2,35644.32,1,0,141.21199808219862,0.0,1024.0
Lenovo,Notebook,Intel Core i7,8,Nvidia,Others,2.8,45234.72,0,0,127.33567457123112,0.0,2048.0
Dell,Notebook,Intel Core i7,8,Nvidia,Windows,2.0,97449.12,0,0,141.21199808219862,256.0,0.0
HP,Notebook,AMD Processor,4,AMD,Windows,1.91,25515.2592,0,0,141.21199808219862,256.0,0.0
Lenovo,Notebook,other,4,Intel,Windows,2.2,16303.68,0,0,100.45466986113652,0.0,1024.0
Lenovo,Notebook,Intel Core i5,8,Nvidia,Others,2.2,33513.119999999995,0,0,141.21199808219862,256.0,0.0
Acer,Notebook,Intel Core i7,8,Nvidia,Windows,2.23,39533.76,0,0,141.21199808219862,0.0,1024.0
Dell,Gaming,Intel Core i7,16,Nvidia,Windows,3.21,147832.28639999998,0,0,141.21199808219862,256.0,1024.0
HP,Notebook,Intel Core i5,8,Intel,Windows,2.04,29783.52,0,1,100.45466986113652,0.0,1024.0
Apple,Ultrabook,other,8,Intel,Mac,0.92,68145.12,1,0,226.4155471693585,0.0,0.0
Acer,Notebook,other,4,Intel,Others,2.1,14492.16,0,0,100.45466986113652,0.0,1024.0
Asus,Ultrabook,Intel Core i7,16,Intel,Windows,1.1,93181.392,0,1,165.6321180513006,512.0,0.0
Asus,Notebook,Intel Core i7,8,Nvidia,Windows,2.3,41931.36,1,0,141.21199808219862,256.0,0.0
Dell,2 in 1 Convertible,Intel Core i7,16,Intel,Windows,1.62,68145.12,0,1,165.6321180513006,512.0,0.0
HP,Notebook,AMD Processor,8,AMD,Windows,2.6,27753.552,0,0,107.98564559226952,0.0,1024.0
Apple,Ultrabook,Intel Core i5,8,Intel,Others,1.34,47895.5232,0,0,127.67794013309688,0.0,0.0
Lenovo,2 in 1 Convertible,Intel Core i5,8,Intel,Windows,1.37,74538.72,1,1,165.6321180513006,256.0,0.0
Toshiba,Ultrabook,Intel Core i7,16,Intel,Windows,1.36,100006.56,0,1,165.6321180513006,512.0,0.0
Lenovo,Notebook,Intel Core i5,8,Intel,Others,2.8,28717.92,0,0,106.11306214269258,0.0,1024.0
Dell,Ultrabook,Intel Core i7,8,Intel,Windows,1.36,94572.0,0,0,157.3505121487356,256.0,0.0
HP,Workstation,Intel Core i7,8,Nvidia,Windows,2.0,101178.72,0,0,141.21199808219862,256.0,0.0
Dell,Notebook,Intel Core i5,4,AMD,Windows,2.2,39906.72,0,0,141.21199808219862,256.0,0.0
HP,Notebook,Intel Core i3,6,AMD,Windows,2.04,28717.92,0,0,141.21199808219862,0.0,1024.0
Dell,Notebook,Intel Core i7,8,Nvidia,Others,1.98,47686.1328,0,0,141.21199808219862,256.0,0.0
Lenovo,Notebook,other,4,Intel,Others,1.45,24503.472,0,0,117.82653006268644,0.0,0.0
Toshiba,Notebook,Intel Core i5,8,Intel,Windows,1.2,64628.64,0,0,165.6321180513006,256.0,0.0
HP,Notebook,AMD Processor,6,AMD,Windows,2.71,34898.932799999995,1,0,127.33567457123112,0.0,2048.0
Dell,Gaming,Intel Core i7,32,Nvidia,Windows,4.42,149184.0,0,0,127.33567457123112,256.0,1024.0
Lenovo,Notebook,Intel Core i5,4,Intel,Others,2.2,24935.04,0,0,141.21199808219862,128.0,0.0
Lenovo,Notebook,Intel Core i5,4,Intel,Windows,1.8,44169.12,0,0,141.21199808219862,256.0,0.0
Acer,Notebook,Intel Core i3,4,Intel,Others,2.4,19276.704,0,0,100.45466986113652,0.0,500.0
Lenovo,Notebook,Intel Core i5,4,Intel,Others,2.1,21205.44,0,0,100.45466986113652,0.0,500.0
Lenovo,2 in 1 Convertible,Intel Core i5,8,Intel,Windows,1.42,124142.4,1,1,209.8006828649808,256.0,0.0
Lenovo,Notebook,other,4,Intel,Windows,1.43,14598.72,0,0,111.93520355955212,0.0,0.0
HP,Notebook,Intel Core i5,4,Intel,Windows,1.48,84715.2,0,0,157.3505121487356,256.0,0.0
Mediacom,Notebook,other,4,Intel,Windows,1.35,13586.4,1,0,165.6321180513006,0.0,0.0
Asus,Notebook,other,4,Intel,Windows,1.86,22324.32,0,0,100.45466986113652,128.0,0.0
Lenovo,Gaming,Intel Core i7,32,Nvidia,Windows,4.6,141884.63999999998,1,0,127.33567457123112,256.0,1024.0
Asus,Gaming,Intel Core i7,16,Nvidia,Windows,2.59,71341.92,1,0,141.21199808219862,128.0,1024.0
Dell,Notebook,Intel Core i5,8,AMD,Others,2.8,47365.92,1,0,127.33567457123112,128.0,1024.0
MSI,Gaming,Intel Core i7,16,Nvidia,Windows,2.94,96916.32,0,0,141.21199808219862,256.0,1024.0
Dell,Ultrabook,Intel Core i7,8,Intel,Windows,1.2,74538.72,0,1,276.053530085501,256.0,0.0
Dell,Notebook,Intel Core i5,8,Intel,Windows,1.6,60031.1088,0,0,111.93520355955212,256.0,0.0
Lenovo,Notebook,Intel Core i7,4,Intel,Windows,2.32,43956.0,0,0,141.21199808219862,0.0,0.0
Lenovo,Notebook,Intel Core i3,4,Intel,Windows,2.3,30103.2,0,0,100.45466986113652,128.0,0.0
Acer,2 in 1 Convertible,Intel Core i5,8,Intel,Windows,1.5,45128.16,1,1,165.6321180513006,256.0,0.0
Dell,2 in 1 Convertible,Intel Core i3,4,Intel,Windows,2.08,42410.3472,1,1,141.21199808219862,0.0,1024.0
Lenovo,Notebook,Intel Core i7,8,Nvidia,Windows,3.4,159786.72,1,0,127.33567457123112,256.0,0.0
Toshiba,Notebook,Intel Core i5,8,Intel,Windows,1.25,81784.8,1,1,157.3505121487356,256.0,0.0
Lenovo,Gaming,Intel Core i5,8,Nvidia,Others,2.5,54185.76,1,0,141.21199808219862,0.0,1024.0
HP,2 in 1 Convertible,Intel Core i7,16,Intel,Windows,1.42,74538.72,0,1,276.053530085501,256.0,0.0
Dell,Notebook,Intel Core i5,8,Intel,Windows,2.09,56633.976,0,0,141.21199808219862,256.0,0.0
Dell,Notebook,Intel Core i3,6,Intel,Windows,2.3,23389.92,0,1,100.45466986113652,0.0,1024.0
Acer,Notebook,Intel Core i5,12,Nvidia,Windows,2.2,36975.7872,1,0,100.45466986113652,0.0,1024.0
Apple,Ultrabook,other,8,Intel,Mac,0.92,62071.2,1,0,226.4155471693585,0.0,0.0
Lenovo,Notebook,Intel Core i5,4,Intel,Windows,2.38,56210.4,0,0,100.45466986113652,0.0,500.0
Lenovo,Notebook,Intel Core i5,8,Intel,Windows,1.9,49976.64,1,0,157.3505121487356,256.0,0.0
Asus,Notebook,other,4,Nvidia,Windows,2.8,25059.715199999995,0,0,90.58340172449304,0.0,1024.0
Lenovo,Notebook,Intel Core i5,8,Intel,Windows,1.95,74059.2,1,0,141.21199808219862,256.0,0.0
Dell,Ultrabook,Intel Core i5,8,Intel,Windows,1.29,86526.72,0,1,276.053530085501,256.0,0.0
Lenovo,Ultrabook,Intel Core i7,16,Intel,Windows,1.14,130536.0,1,0,157.3505121487356,512.0,0.0
Dell,Notebook,Intel Core i3,4,Intel,Others,2.18,23650.992,0,0,100.45466986113652,0.0,1024.0
Toshiba,Notebook,Intel Core i5,8,Intel,Windows,1.2,81784.8,0,0,165.6321180513006,256.0,0.0
Lenovo,Notebook,Intel Core i5,4,Intel,Others,1.9,26101.872,0,0,100.45466986113652,0.0,1024.0
HP,Notebook,Intel Core i3,4,AMD,Windows,2.5,37242.72,1,0,127.33567457123112,256.0,0.0
Asus,Notebook,Intel Core i3,6,Nvidia,Windows,2.0,30742.56,0,0,141.21199808219862,256.0,0.0
Dell,Netbook,other,4,Intel,Windows,1.63,39640.32,0,0,135.0942111925629,128.0,0.0
Toshiba,Ultrabook,Intel Core i7,16,Intel,Windows,1.2,93080.16,0,0,165.6321180513006,512.0,0.0
Lenovo,2 in 1 Convertible,Intel Core i5,8,Intel,Windows,1.4,85194.72,1,1,158.48253022174808,256.0,0.0
HP,Notebook,Intel Core i5,4,Intel,Windows,2.31,63882.72,0,0,100.45466986113652,0.0,500.0
HP,Notebook,Intel Core i5,4,Intel,Others,1.96,26586.72,0,0,100.45466986113652,0.0,500.0
HP,Notebook,Intel Core i5,4,Intel,Windows,1.95,61218.72,0,0,111.93520355955212,0.0,500.0
Asus,Notebook,other,8,Intel,Windows,2.0,31003.632,0,0,141.21199808219862,128.0,0.0
Dell,Gaming,Intel Core i7,16,Nvidia,Windows,2.65,98301.6,1,0,282.42399616439724,512.0,1024.0
HP,Notebook,Intel Core i7,8,Intel,Windows,2.05,31861.44,0,0,100.45466986113652,0.0,1024.0
HP,Notebook,Intel Core i7,8,Nvidia,Windows,1.91,52161.12,1,0,141.21199808219862,0.0,1024.0
Asus,Notebook,Intel Core i3,4,Intel,Others,2.0,20725.92,0,0,141.21199808219862,0.0,1024.0
Lenovo,Notebook,Intel Core i7,16,Nvidia,Windows,2.4,158135.04,1,0,254.67134914246225,512.0,0.0
Asus,Notebook,Intel Core i3,4,Intel,Windows,2.37,21258.1872,0,0,100.45466986113652,0.0,1024.0
Asus,Notebook,other,4,Intel,Windows,1.5,15238.08,0,0,111.93520355955212,0.0,0.0
Lenovo,Gaming,Intel Core i7,16,Nvidia,Windows,2.5,62817.12,1,0,141.21199808219862,256.0,1024.0
Dell,Notebook,Intel Core i5,8,Intel,Windows,2.14,28768.536,0,0,100.45466986113652,0.0,1024.0
Asus,Gaming,Intel Core i7,16,Nvidia,Windows,3.0,84768.48,0,0,127.33567457123112,256.0,1024.0
Dell,2 in 1 Convertible,other,4,Intel,Windows,1.39,32127.84,0,1,135.0942111925629,128.0,0.0
HP,Gaming,Intel Core i7,8,Nvidia,Windows,2.62,47898.72,1,0,141.21199808219862,0.0,1024.0
HP,Workstation,Intel Core i7,8,AMD,Windows,1.9,79653.59999999999,0,0,141.21199808219862,256.0,0.0
Razer,Gaming,Intel Core i7,16,Nvidia,Windows,1.95,138474.72,0,0,157.3505121487356,256.0,0.0
Lenovo,Notebook,Intel Core i5,8,AMD,Others,2.32,31914.72,0,0,141.21199808219862,0.0,1024.0
Lenovo,Gaming,Intel Core i7,8,Nvidia,Windows,3.2,74538.72,1,0,141.21199808219862,256.0,1024.0
HP,Notebook,Intel Core i5,8,Intel,Windows,1.86,36763.2,0,0,141.21199808219862,256.0,0.0
Apple,Ultrabook,other,8,Intel,Others,0.92,67260.672,1,0,226.4155471693585,256.0,0.0
Lenovo,2 in 1 Convertible,Intel Core i5,8,Intel,Windows,1.36,87219.36,1,1,209.8006828649808,256.0,0.0
MSI,Gaming,Intel Core i7,16,Nvidia,Windows,1.8,102777.12,0,0,141.21199808219862,256.0,1024.0
Asus,Gaming,Intel Core i7,8,Nvidia,Windows,1.99,71928.0,0,0,141.21199808219862,128.0,1024.0
Acer,Notebook,Intel Core i7,8,Nvidia,Others,2.4,45074.88,0,0,141.21199808219862,0.0,1024.0
Lenovo,Gaming,Intel Core i5,8,Nvidia,Others,2.4,41505.12,1,0,141.21199808219862,256.0,0.0
Asus,Ultrabook,Intel Core i5,8,Intel,Windows,1.2,60153.12,1,0,276.053530085501,256.0,0.0
Lenovo,Notebook,Intel Core i5,8,Nvidia,Others,2.8,31381.92,0,0,106.11306214269258,0.0,1024.0
Vero,Notebook,other,4,Intel,Windows,1.22,10810.512,0,0,157.3505121487356,0.0,0.0
Lenovo,Notebook,Intel Core i5,4,Nvidia,Windows,2.3,52054.56,1,0,141.21199808219862,0.0,1024.0
Dell,Notebook,Intel Core i5,4,Nvidia,Windows,2.18,48618.0,0,0,141.21199808219862,128.0,1024.0
HP,Notebook,Intel Core i5,8,Intel,Windows,1.84,60952.32,0,0,141.21199808219862,256.0,0.0
HP,Notebook,Intel Core i7,8,Nvidia,Windows,2.63,63936.0,0,0,127.33567457123112,256.0,0.0
Lenovo,Gaming,Intel Core i7,8,Nvidia,Windows,3.2,69210.72,1,0,141.21199808219862,0.0,1024.0
HP,Notebook,Intel Core i3,4,Intel,Windows,2.04,41025.0672,0,0,100.45466986113652,256.0,0.0
Dell,2 in 1 Convertible,other,4,Intel,Windows,1.47,25521.12,0,1,135.0942111925629,0.0,500.0
Lenovo,Ultrabook,Intel Core i7,8,Intel,Windows,1.32,99047.52,0,0,157.3505121487356,256.0,0.0
Lenovo,Notebook,Intel Core i7,8,Intel,Windows,2.05,46886.4,0,0,141.21199808219862,256.0,0.0
Asus,Notebook,Intel Core i5,8,Intel,Windows,1.4,61272.0,0,0,276.053530085501,256.0,0.0
Lenovo,Notebook,Intel Core i5,4,Intel,Windows,2.1,26267.04,0,0,100.45466986113652,128.0,0.0
Acer,Notebook,Intel Core i5,4,Nvidia,Windows,3.0,42890.4,1,0,127.33567457123112,256.0,0.0
HP,Notebook,AMD Processor,4,AMD,Windows,2.1,26053.92,0,0,141.21199808219862,0.0,1024.0
Asus,Gaming,Intel Core i7,16,Nvidia,Windows,2.9,81465.12,0,0,127.33567457123112,256.0,1024.0
Lenovo,Notebook,AMD Processor,8,AMD,Windows,2.2,22857.12,0,0,100.45466986113652,0.0,1024.0
HP,Gaming,Intel Core i5,8,Nvidia,Windows,3.35,60153.12,1,0,127.33567457123112,128.0,1024.0
Dell,Ultrabook,Intel Core i5,8,Intel,Windows,1.21,85194.72,1,1,331.2642361026012,128.0,0.0
Toshiba,Ultrabook,Intel Core i5,8,Intel,Windows,1.2,84715.2,0,0,165.6321180513006,256.0,0.0
HP,Ultrabook,Intel Core i5,4,Intel,Windows,1.26,83063.52,0,0,125.36742798669836,256.0,0.0
Lenovo,Gaming,Intel Core i7,16,Nvidia,Windows,2.4,63882.72,0,0,141.21199808219862,512.0,0.0
Lenovo,Gaming,Intel Core i7,16,Nvidia,Others,2.4,74485.44,0,0,141.21199808219862,512.0,0.0
Apple,Ultrabook,Intel Core i5,8,Intel,Mac,1.35,53173.44,0,0,127.67794013309688,0.0,0.0
Asus,2 in 1 Convertible,Intel Core i7,12,Nvidia,Windows,2.3,44701.92,0,1,141.21199808219862,0.0,2048.0
HP,Ultrabook,Intel Core i7,8,Intel,Windows,1.34,70489.44,1,0,165.6321180513006,512.0,0.0
Asus,Notebook,other,4,Intel,Windows,2.0,18061.92,0,0,100.45466986113652,0.0,1024.0
Acer,Notebook,Intel Core i7,8,Nvidia,Windows,2.2,36709.92,0,0,141.21199808219862,0.0,1024.0
HP,Notebook,Intel Core i7,8,Nvidia,Windows,2.04,47952.0,0,0,141.21199808219862,0.0,1024.0
Asus,Notebook,Intel Core i5,8,Nvidia,Windows,2.5,44701.92,0,0,141.21199808219862,128.0,1024.0
Lenovo,Notebook,Intel Core i7,16,Nvidia,Windows,2.5,126273.6,0,0,282.42399616439724,512.0,0.0
Asus,Notebook,Intel Core i7,8,Nvidia,Windows,2.1,61005.6,0,0,127.33567457123112,128.0,1024.0
Dell,Notebook,Intel Core i3,4,AMD,Windows,2.2,26581.392,0,0,141.21199808219862,256.0,0.0
Dell,Notebook,Intel Core i5,8,AMD,Windows,2.33,44968.32,0,0,141.21199808219862,128.0,1024.0
HP,Notebook,Intel Core i7,8,Intel,Windows,1.84,64948.32,0,0,141.21199808219862,256.0,0.0
Dell,Workstation,Intel Core i5,8,AMD,Windows,2.23,72940.31999999999,0,0,141.21199808219862,0.0,500.0
Acer,Notebook,other,4,Intel,Windows,2.1,19367.8128,0,0,100.45466986113652,0.0,1024.0
Asus,Gaming,Intel Core i7,16,Nvidia,Windows,2.73,95850.72,0,0,127.33567457123112,512.0,1024.0
Asus,Netbook,other,2,Intel,Windows,0.98,10224.432,0,0,135.0942111925629,0.0,0.0
Acer,Ultrabook,Intel Core i5,8,Intel,Windows,1.8,48964.32,1,0,157.3505121487356,256.0,0.0
Dell,Notebook,Intel Core i5,8,Nvidia,Windows,2.04,119916.2304,1,1,282.42399616439724,256.0,0.0
Lenovo,Ultrabook,Intel Core i7,16,Intel,Windows,1.1,111834.72,1,0,209.8006828649808,512.0,0.0
HP,Ultrabook,other,16,Intel,Windows,1.16,104695.2,1,1,276.053530085501,512.0,0.0
Asus,Ultrabook,Intel Core i7,8,Intel,Windows,1.45,68198.4,0,0,165.6321180513006,256.0,0.0
HP,Notebook,Intel Core i5,4,AMD,Windows,1.86,32639.8608,0,0,100.45466986113652,0.0,500.0
HP,2 in 1 Convertible,other,4,Intel,Windows,1.45,41292.0,0,1,135.0942111925629,256.0,0.0
Dell,Notebook,Intel Core i7,8,AMD,Windows,2.8,57808.8,0,0,127.33567457123112,128.0,1024.0
HP,Notebook,Intel Core i5,8,Nvidia,Windows,2.04,52161.12,1,0,141.21199808219862,128.0,1024.0
HP,Notebook,Intel Core i7,4,AMD,Windows,2.1,36709.92,1,0,141.21199808219862,0.0,500.0
Dell,Ultrabook,Intel Core i5,8,Intel,Windows,1.29,47898.72,1,1,165.6321180513006,128.0,0.0
Lenovo,2 in 1 Convertible,other,4,Intel,Windows,0.69,34433.2656,1,1,224.1738090785728,0.0,0.0
Asus,Notebook,Intel Core i7,12,Intel,Windows,2.06,69210.72,1,0,282.42399616439724,128.0,1024.0
Asus,Notebook,other,4,Intel,Windows,2.0,23922.72,0,0,100.45466986113652,0.0,1024.0
HP,Notebook,Intel Core i3,8,Intel,Windows,1.86,28717.92,0,0,141.21199808219862,256.0,0.0
Asus,Notebook,AMD Processor,4,AMD,Windows,1.68,24988.32,0,0,100.45466986113652,0.0,1024.0
Lenovo,Gaming,Intel Core i5,8,Nvidia,Windows,2.5,53226.72,1,0,141.21199808219862,128.0,1024.0
HP,Notebook,Intel Core i3,8,Intel,Windows,2.5,34093.872,0,0,106.11306214269258,256.0,0.0
HP,Notebook,Intel Core i7,6,Nvidia,Windows,2.18,42570.72,1,0,141.21199808219862,0.0,1024.0
Dell,Notebook,Intel Core i7,8,AMD,Others,2.8,58554.72,0,0,127.33567457123112,128.0,1024.0
Dell,Gaming,Intel Core i7,16,Nvidia,Windows,4.36,168045.12,1,0,254.67134914246225,512.0,1024.0
Acer,Notebook,Intel Core i3,4,Nvidia,Windows,3.3,31861.44,0,0,106.11306214269258,0.0,1024.0
Lenovo,Ultrabook,Intel Core i7,8,Intel,Windows,1.13,121584.96,1,0,209.8006828649808,512.0,0.0
HP,Netbook,Intel Core i5,8,Intel,Windows,1.26,74005.92,0,0,125.36742798669836,256.0,0.0
Lenovo,2 in 1 Convertible,Intel Core i7,16,Intel,Windows,1.4,111834.72,1,1,316.96506044349616,512.0,0.0
Acer,Notebook,other,4,Intel,Others,2.1,15877.44,0,0,100.45466986113652,0.0,1024.0
Dell,Notebook,Intel Core i5,8,AMD,Windows,2.36,34045.3872,0,0,100.45466986113652,0.0,1024.0
Lenovo,Notebook,Intel Core i3,4,AMD,Others,2.2,25521.12,0,0,141.21199808219862,0.0,1024.0
Dell,Notebook,Intel Core i5,4,Intel,Others,2.09,27899.0064,0,0,100.45466986113652,0.0,500.0
HP,Notebook,Intel Core i5,8,Intel,Windows,1.96,31914.1872,0,0,141.21199808219862,256.0,0.0
MSI,Gaming,Intel Core i7,8,Nvidia,Windows,2.7,63882.72,0,0,127.33567457123112,256.0,1024.0
Lenovo,Notebook,Intel Core i7,16,Intel,Windows,1.4,79866.72,1,0,165.6321180513006,512.0,0.0
Acer,Notebook,Intel Core i3,4,Nvidia,Windows,2.2,24988.32,0,0,100.45466986113652,0.0,500.0
MSI,Gaming,Intel Core i7,16,Nvidia,Windows,1.8,119427.12,0,0,141.21199808219862,256.0,2048.0
HP,Notebook,Intel Core i5,4,Intel,Windows,1.54,53280.0,0,0,157.3505121487356,0.0,500.0
Acer,Notebook,Intel Core i5,8,Nvidia,Windows,2.4,42570.72,0,0,141.21199808219862,256.0,1024.0
HP,Notebook,Intel Core i7,8,Intel,Windows,2.04,33513.119999999995,0,0,100.45466986113652,0.0,2048.0
Lenovo,Notebook,Intel Core i5,8,Intel,Windows,2.3,45323.1648,1,0,141.21199808219862,0.0,1024.0
Lenovo,2 in 1 Convertible,other,4,Intel,Windows,0.69,25521.12,1,1,224.1738090785728,0.0,0.0
